STRUCTURE,STRUCTURE_ID,STRUCTURE_NAME,freq,Time frequency,unit,Unit of measure,coicop,Classification of individual consumption by purpose (COICOP),geo,Geopolitical entity (reporting),TIME_PERIOD,Time,OBS_VALUE,Observation value,OBS_FLAG,Observation status (Flag)
dataflow,ESTAT:TEC00027(1.0),HICP - all items - annual average indices,A,Annual,INX_A_AVG,Annual average index,CP00,All-items HICP,AL,Albania,2016,,101.51,,d,definition differs (see metadata)
dataflow,ESTAT:TEC00027(1.0),HICP - all items - annual average indices,A,Annual,INX_A_AVG,Annual average index,CP00,All-items HICP,AL,Albania,2017,,104.76,,d,definition differs (see metadata)
dataflow,ESTAT:TEC00027(1.0),HICP - all items - annual average indices,A,Annual,INX_A_AVG,Annual average index,CP00,All-items HICP,AL,Albania,2018,,106.59,,d,definition differs (see metadata)
dataflow,ESTAT:TEC00027(1.0),HICP - all items - annual average indices,A,Annual,INX_A_AVG,Annual average index,CP00,All-items HICP,AL,Albania,2019,,108.39,,d,definition differs (see metadata)
dataflow,ESTAT:TEC00027(1.0),HICP - all items - annual average indices,A,Annual,INX_A_AVG,Annual average index,CP00,All-items HICP,AL,Albania,2020,,110.74,,d,definition differs (see metadata)
dataflow,ESTAT:TEC00027(1.0),HICP - all items - annual average indices,A,Annual,INX_A_AVG,Annual average index,CP00,All-items HICP,AL,Albania,2021,,113.26,,d,definition differs (see metadata)
dataflow,ESTAT:TEC00027(1.0),HICP - all items - annual average indices,A,Annual,INX_A_AVG,Annual average index,CP00,All-items HICP,AL,Albania,2022,,120.69,,d,definition differs (see metadata)
dataflow,ESTAT:TEC00027(1.0),HICP - all items - annual average indices,A,Annual,INX_A_AVG,Annual average index,CP00,All-items HICP,AT,Austria,2011,,93.35,,,
dataflow,ESTAT:TEC00027(1.0),HICP - all items - annual average indices,A,Annual,INX_A_AVG,Annual average index,CP00,All-items HICP,AT,Austria,2012,,95.75,,,
dataflow,ESTAT:TEC00027(1.0),HICP - all items - annual average indices,A,Annual,INX_A_AVG,Annual average index,CP00,All-items HICP,AT,Austria,2013,,97.77,,,
dataflow,ESTAT:TEC00027(1.0),HICP - all items - annual average indices,A,Annual,INX_A_AVG,Annual average index,CP00,All-items HICP,AT,Austria,2014,,99.20,,,
dataflow,ESTAT:TEC00027(1.0),HICP - all items - annual average indices,A,Annual,INX_A_AVG,Annual average index,CP00,All-items HICP,AT,Austria,2015,,100.00,,,
dataflow,ESTAT:TEC00027(1.0),HICP - all items - annual average indices,A,Annual,INX_A_AVG,Annual average index,CP00,All-items HICP,AT,Austria,2016,,100.97,,,
dataflow,ESTAT:TEC00027(1.0),HICP - all items - annual average indices,A,Annual,INX_A_AVG,Annual average index,CP00,All-items HICP,AT,Austria,2017,,103.22,,,
dataflow,ESTAT:TEC00027(1.0),HICP - all items - annual average indices,A,Annual,INX_A_AVG,Annual average index,CP00,All-items HICP,AT,Austria,2018,,105.41,,,
dataflow,ESTAT:TEC00027(1.0),HICP - all items - annual average indices,A,Annual,INX_A_AVG,Annual average index,CP00,All-items HICP,AT,Austria,2019,,106.98,,,
dataflow,ESTAT:TEC00027(1.0),HICP - all items - annual average indices,A,Annual,INX_A_AVG,Annual average index,CP00,All-items HICP,AT,Austria,2020,,108.47,,,
dataflow,ESTAT:TEC00027(1.0),HICP - all items - annual average indices,A,Annual,INX_A_AVG,Annual average index,CP00,All-items HICP,AT,Austria,2021,,111.46,,,
dataflow,ESTAT:TEC00027(1.0),HICP - all items - annual average indices,A,Annual,INX_A_AVG,Annual average index,CP00,All-items HICP,AT,Austria,2022,,121.07,,,
dataflow,ESTAT:TEC00027(1.0),HICP - all items - annual average indices,A,Annual,INX_A_AVG,Annual average index,CP00,All-items HICP,BE,Belgium,2011,,95.18,,,
dataflow,ESTAT:TEC00027(1.0),HICP - all items - annual average indices,A,Annual,INX_A_AVG,Annual average index,CP00,All-items HICP,BE,Belgium,2012,,97.68,,,
dataflow,ESTAT:TEC00027(1.0),HICP - all items - annual average indices,A,Annual,INX_A_AVG,Annual average index,CP00,All-items HICP,BE,Belgium,2013,,98.90,,,
dataflow,ESTAT:TEC00027(1.0),HICP - all items - annual average indices,A,Annual,INX_A_AVG,Annual average index,CP00,All-items HICP,BE,Belgium,2014,,99.38,,,
dataflow,ESTAT:TEC00027(1.0),HICP - all items - annual average indices,A,Annual,INX_A_AVG,Annual average index,CP00,All-items HICP,BE,Belgium,2015,,100.00,,,
dataflow,ESTAT:TEC00027(1.0),HICP - all items - annual average indices,A,Annual,INX_A_AVG,Annual average index,CP00,All-items HICP,BE,Belgium,2016,,101.77,,,
dataflow,ESTAT:TEC00027(1.0),HICP - all items - annual average indices,A,Annual,INX_A_AVG,Annual average index,CP00,All-items HICP,BE,Belgium,2017,,104.03,,,
dataflow,ESTAT:TEC00027(1.0),HICP - all items - annual average indices,A,Annual,INX_A_AVG,Annual average index,CP00,All-items HICP,BE,Belgium,2018,,106.44,,,
dataflow,ESTAT:TEC00027(1.0),HICP - all items - annual average indices,A,Annual,INX_A_AVG,Annual average index,CP00,All-items HICP,BE,Belgium,2019,,107.77,,,
dataflow,ESTAT:TEC00027(1.0),HICP - all items - annual average indices,A,Annual,INX_A_AVG,Annual average index,CP00,All-items HICP,BE,Belgium,2020,,108.23,,,
dataflow,ESTAT:TEC00027(1.0),HICP - all items - annual average indices,A,Annual,INX_A_AVG,Annual average index,CP00,All-items HICP,BE,Belgium,2021,,111.71,,,
dataflow,ESTAT:TEC00027(1.0),HICP - all items - annual average indices,A,Annual,INX_A_AVG,Annual average index,CP00,All-items HICP,BE,Belgium,2022,,123.26,,,
dataflow,ESTAT:TEC00027(1.0),HICP - all items - annual average indices,A,Annual,INX_A_AVG,Annual average index,CP00,All-items HICP,BG,Bulgaria,2011,,99.94,,,
dataflow,ESTAT:TEC00027(1.0),HICP - all items - annual average indices,A,Annual,INX_A_AVG,Annual average index,CP00,All-items HICP,BG,Bulgaria,2012,,102.33,,,
dataflow,ESTAT:TEC00027(1.0),HICP - all items - annual average indices,A,Annual,INX_A_AVG,Annual average index,CP00,All-items HICP,BG,Bulgaria,2013,,102.72,,,
dataflow,ESTAT:TEC00027(1.0),HICP - all items - annual average indices,A,Annual,INX_A_AVG,Annual average index,CP00,All-items HICP,BG,Bulgaria,2014,,101.08,,,
dataflow,ESTAT:TEC00027(1.0),HICP - all items - annual average indices,A,Annual,INX_A_AVG,Annual average index,CP00,All-items HICP,BG,Bulgaria,2015,,100.00,,,
dataflow,ESTAT:TEC00027(1.0),HICP - all items - annual average indices,A,Annual,INX_A_AVG,Annual average index,CP00,All-items HICP,BG,Bulgaria,2016,,98.68,,,
dataflow,ESTAT:TEC00027(1.0),HICP - all items - annual average indices,A,Annual,INX_A_AVG,Annual average index,CP00,All-items HICP,BG,Bulgaria,2017,,99.85,,,
dataflow,ESTAT:TEC00027(1.0),HICP - all items - annual average indices,A,Annual,INX_A_AVG,Annual average index,CP00,All-items HICP,BG,Bulgaria,2018,,102.48,,,
dataflow,ESTAT:TEC00027(1.0),HICP - all items - annual average indices,A,Annual,INX_A_AVG,Annual average index,CP00,All-items HICP,BG,Bulgaria,2019,,104.99,,,
dataflow,ESTAT:TEC00027(1.0),HICP - all items - annual average indices,A,Annual,INX_A_AVG,Annual average index,CP00,All-items HICP,BG,Bulgaria,2020,,106.27,,,
dataflow,ESTAT:TEC00027(1.0),HICP - all items - annual average indices,A,Annual,INX_A_AVG,Annual average index,CP00,All-items HICP,BG,Bulgaria,2021,,109.30,,,
dataflow,ESTAT:TEC00027(1.0),HICP - all items - annual average indices,A,Annual,INX_A_AVG,Annual average index,CP00,All-items HICP,BG,Bulgaria,2022,,123.52,,,
dataflow,ESTAT:TEC00027(1.0),HICP - all items - annual average indices,A,Annual,INX_A_AVG,Annual average index,CP00,All-items HICP,CH,Switzerland,2011,,101.49,,,
dataflow,ESTAT:TEC00027(1.0),HICP - all items - annual average indices,A,Annual,INX_A_AVG,Annual average index,CP00,All-items HICP,CH,Switzerland,2012,,100.76,,,
dataflow,ESTAT:TEC00027(1.0),HICP - all items - annual average indices,A,Annual,INX_A_AVG,Annual average index,CP00,All-items HICP,CH,Switzerland,2013,,100.83,,,
dataflow,ESTAT:TEC00027(1.0),HICP - all items - annual average indices,A,Annual,INX_A_AVG,Annual average index,CP00,All-items HICP,CH,Switzerland,2014,,100.84,,,
dataflow,ESTAT:TEC00027(1.0),HICP - all items - annual average indices,A,Annual,INX_A_AVG,Annual average index,CP00,All-items HICP,CH,Switzerland,2015,,100.00,,,
dataflow,ESTAT:TEC00027(1.0),HICP - all items - annual average indices,A,Annual,INX_A_AVG,Annual average index,CP00,All-items HICP,CH,Switzerland,2016,,99.47,,,
dataflow,ESTAT:TEC00027(1.0),HICP - all items - annual average indices,A,Annual,INX_A_AVG,Annual average index,CP00,All-items HICP,CH,Switzerland,2017,,100.11,,,
dataflow,ESTAT:TEC00027(1.0),HICP - all items - annual average indices,A,Annual,INX_A_AVG,Annual average index,CP00,All-items HICP,CH,Switzerland,2018,,101.03,,,
dataflow,ESTAT:TEC00027(1.0),HICP - all items - annual average indices,A,Annual,INX_A_AVG,Annual average index,CP00,All-items HICP,CH,Switzerland,2019,,101.41,,,
dataflow,ESTAT:TEC00027(1.0),HICP - all items - annual average indices,A,Annual,INX_A_AVG,Annual average index,CP00,All-items HICP,CH,Switzerland,2020,,100.56,,,
dataflow,ESTAT:TEC00027(1.0),HICP - all items - annual average indices,A,Annual,INX_A_AVG,Annual average index,CP00,All-items HICP,CH,Switzerland,2021,,101.04,,,
dataflow,ESTAT:TEC00027(1.0),HICP - all items - annual average indices,A,Annual,INX_A_AVG,Annual average index,CP00,All-items HICP,CH,Switzerland,2022,,103.74,,,
dataflow,ESTAT:TEC00027(1.0),HICP - all items - annual average indices,A,Annual,INX_A_AVG,Annual average index,CP00,All-items HICP,CY,Cyprus,2011,,98.40,,,
dataflow,ESTAT:TEC00027(1.0),HICP - all items - annual average indices,A,Annual,INX_A_AVG,Annual average index,CP00,All-items HICP,CY,Cyprus,2012,,101.45,,,
dataflow,ESTAT:TEC00027(1.0),HICP - all items - annual average indices,A,Annual,INX_A_AVG,Annual average index,CP00,All-items HICP,CY,Cyprus,2013,,101.84,,,
dataflow,ESTAT:TEC00027(1.0),HICP - all items - annual average indices,A,Annual,INX_A_AVG,Annual average index,CP00,All-items HICP,CY,Cyprus,2014,,101.57,,,
dataflow,ESTAT:TEC00027(1.0),HICP - all items - annual average indices,A,Annual,INX_A_AVG,Annual average index,CP00,All-items HICP,CY,Cyprus,2015,,100.00,,,
dataflow,ESTAT:TEC00027(1.0),HICP - all items - annual average indices,A,Annual,INX_A_AVG,Annual average index,CP00,All-items HICP,CY,Cyprus,2016,,98.78,,,
dataflow,ESTAT:TEC00027(1.0),HICP - all items - annual average indices,A,Annual,INX_A_AVG,Annual average index,CP00,All-items HICP,CY,Cyprus,2017,,99.45,,,
dataflow,ESTAT:TEC00027(1.0),HICP - all items - annual average indices,A,Annual,INX_A_AVG,Annual average index,CP00,All-items HICP,CY,Cyprus,2018,,100.23,,,
dataflow,ESTAT:TEC00027(1.0),HICP - all items - annual average indices,A,Annual,INX_A_AVG,Annual average index,CP00,All-items HICP,CY,Cyprus,2019,,100.78,,,
dataflow,ESTAT:TEC00027(1.0),HICP - all items - annual average indices,A,Annual,INX_A_AVG,Annual average index,CP00,All-items HICP,CY,Cyprus,2020,,99.67,,,
dataflow,ESTAT:TEC00027(1.0),HICP - all items - annual average indices,A,Annual,INX_A_AVG,Annual average index,CP00,All-items HICP,CY,Cyprus,2021,,101.92,,,
dataflow,ESTAT:TEC00027(1.0),HICP - all items - annual average indices,A,Annual,INX_A_AVG,Annual average index,CP00,All-items HICP,CY,Cyprus,2022,,110.17,,,
dataflow,ESTAT:TEC00027(1.0),HICP - all items - annual average indices,A,Annual,INX_A_AVG,Annual average index,CP00,All-items HICP,CZ,Czechia,2011,,94.6,,,
dataflow,ESTAT:TEC00027(1.0),HICP - all items - annual average indices,A,Annual,INX_A_AVG,Annual average index,CP00,All-items HICP,CZ,Czechia,2012,,98.0,,,
dataflow,ESTAT:TEC00027(1.0),HICP - all items - annual average indices,A,Annual,INX_A_AVG,Annual average index,CP00,All-items HICP,CZ,Czechia,2013,,99.3,,,
dataflow,ESTAT:TEC00027(1.0),HICP - all items - annual average indices,A,Annual,INX_A_AVG,Annual average index,CP00,All-items HICP,CZ,Czechia,2014,,99.8,,,
dataflow,ESTAT:TEC00027(1.0),HICP - all items - annual average indices,A,Annual,INX_A_AVG,Annual average index,CP00,All-items HICP,CZ,Czechia,2015,,100.0,,,
dataflow,ESTAT:TEC00027(1.0),HICP - all items - annual average indices,A,Annual,INX_A_AVG,Annual average index,CP00,All-items HICP,CZ,Czechia,2016,,100.7,,,
dataflow,ESTAT:TEC00027(1.0),HICP - all items - annual average indices,A,Annual,INX_A_AVG,Annual average index,CP00,All-items HICP,CZ,Czechia,2017,,103.1,,,
dataflow,ESTAT:TEC00027(1.0),HICP - all items - annual average indices,A,Annual,INX_A_AVG,Annual average index,CP00,All-items HICP,CZ,Czechia,2018,,105.1,,,
dataflow,ESTAT:TEC00027(1.0),HICP - all items - annual average indices,A,Annual,INX_A_AVG,Annual average index,CP00,All-items HICP,CZ,Czechia,2019,,107.8,,,
dataflow,ESTAT:TEC00027(1.0),HICP - all items - annual average indices,A,Annual,INX_A_AVG,Annual average index,CP00,All-items HICP,CZ,Czechia,2020,,111.4,,,
dataflow,ESTAT:TEC00027(1.0),HICP - all items - annual average indices,A,Annual,INX_A_AVG,Annual average index,CP00,All-items HICP,CZ,Czechia,2021,,115.1,,,
dataflow,ESTAT:TEC00027(1.0),HICP - all items - annual average indices,A,Annual,INX_A_AVG,Annual average index,CP00,All-items HICP,CZ,Czechia,2022,,132.1,,,
dataflow,ESTAT:TEC00027(1.0),HICP - all items - annual average indices,A,Annual,INX_A_AVG,Annual average index,CP00,All-items HICP,DE,Germany,2011,,95.0,,,
dataflow,ESTAT:TEC00027(1.0),HICP - all items - annual average indices,A,Annual,INX_A_AVG,Annual average index,CP00,All-items HICP,DE,Germany,2012,,97.0,,,
dataflow,ESTAT:TEC00027(1.0),HICP - all items - annual average indices,A,Annual,INX_A_AVG,Annual average index,CP00,All-items HICP,DE,Germany,2013,,98.6,,,
dataflow,ESTAT:TEC00027(1.0),HICP - all items - annual average indices,A,Annual,INX_A_AVG,Annual average index,CP00,All-items HICP,DE,Germany,2014,,99.3,,,
dataflow,ESTAT:TEC00027(1.0),HICP - all items - annual average indices,A,Annual,INX_A_AVG,Annual average index,CP00,All-items HICP,DE,Germany,2015,,100.0,,,
dataflow,ESTAT:TEC00027(1.0),HICP - all items - annual average indices,A,Annual,INX_A_AVG,Annual average index,CP00,All-items HICP,DE,Germany,2016,,100.4,,,
dataflow,ESTAT:TEC00027(1.0),HICP - all items - annual average indices,A,Annual,INX_A_AVG,Annual average index,CP00,All-items HICP,DE,Germany,2017,,102.1,,,
dataflow,ESTAT:TEC00027(1.0),HICP - all items - annual average indices,A,Annual,INX_A_AVG,Annual average index,CP00,All-items HICP,DE,Germany,2018,,104.0,,,
dataflow,ESTAT:TEC00027(1.0),HICP - all items - annual average indices,A,Annual,INX_A_AVG,Annual average index,CP00,All-items HICP,DE,Germany,2019,,105.5,,,
dataflow,ESTAT:TEC00027(1.0),HICP - all items - annual average indices,A,Annual,INX_A_AVG,Annual average index,CP00,All-items HICP,DE,Germany,2020,,105.8,,,
dataflow,ESTAT:TEC00027(1.0),HICP - all items - annual average indices,A,Annual,INX_A_AVG,Annual average index,CP00,All-items HICP,DE,Germany,2021,,109.2,,,
dataflow,ESTAT:TEC00027(1.0),HICP - all items - annual average indices,A,Annual,INX_A_AVG,Annual average index,CP00,All-items HICP,DE,Germany,2022,,118.7,,,
dataflow,ESTAT:TEC00027(1.0),HICP - all items - annual average indices,A,Annual,INX_A_AVG,Annual average index,CP00,All-items HICP,DK,Denmark,2011,,96.6,,,
dataflow,ESTAT:TEC00027(1.0),HICP - all items - annual average indices,A,Annual,INX_A_AVG,Annual average index,CP00,All-items HICP,DK,Denmark,2012,,98.9,,,
dataflow,ESTAT:TEC00027(1.0),HICP - all items - annual average indices,A,Annual,INX_A_AVG,Annual average index,CP00,All-items HICP,DK,Denmark,2013,,99.4,,,
dataflow,ESTAT:TEC00027(1.0),HICP - all items - annual average indices,A,Annual,INX_A_AVG,Annual average index,CP00,All-items HICP,DK,Denmark,2014,,99.8,,,
dataflow,ESTAT:TEC00027(1.0),HICP - all items - annual average indices,A,Annual,INX_A_AVG,Annual average index,CP00,All-items HICP,DK,Denmark,2015,,100.0,,,
dataflow,ESTAT:TEC00027(1.0),HICP - all items - annual average indices,A,Annual,INX_A_AVG,Annual average index,CP00,All-items HICP,DK,Denmark,2016,,100.0,,,
dataflow,ESTAT:TEC00027(1.0),HICP - all items - annual average indices,A,Annual,INX_A_AVG,Annual average index,CP00,All-items HICP,DK,Denmark,2017,,101.1,,,
dataflow,ESTAT:TEC00027(1.0),HICP - all items - annual average indices,A,Annual,INX_A_AVG,Annual average index,CP00,All-items HICP,DK,Denmark,2018,,101.8,,,
dataflow,ESTAT:TEC00027(1.0),HICP - all items - annual average indices,A,Annual,INX_A_AVG,Annual average index,CP00,All-items HICP,DK,Denmark,2019,,102.5,,,
dataflow,ESTAT:TEC00027(1.0),HICP - all items - annual average indices,A,Annual,INX_A_AVG,Annual average index,CP00,All-items HICP,DK,Denmark,2020,,102.9,,,
dataflow,ESTAT:TEC00027(1.0),HICP - all items - annual average indices,A,Annual,INX_A_AVG,Annual average index,CP00,All-items HICP,DK,Denmark,2021,,104.9,,,
dataflow,ESTAT:TEC00027(1.0),HICP - all items - annual average indices,A,Annual,INX_A_AVG,Annual average index,CP00,All-items HICP,DK,Denmark,2022,,113.8,,,
dataflow,ESTAT:TEC00027(1.0),HICP - all items - annual average indices,A,Annual,INX_A_AVG,Annual average index,CP00,All-items HICP,EA19,Euro area - 19 countries  (2015-2022),2011,,95.67,,,
dataflow,ESTAT:TEC00027(1.0),HICP - all items - annual average indices,A,Annual,INX_A_AVG,Annual average index,CP00,All-items HICP,EA19,Euro area - 19 countries  (2015-2022),2012,,98.06,,,
dataflow,ESTAT:TEC00027(1.0),HICP - all items - annual average indices,A,Annual,INX_A_AVG,Annual average index,CP00,All-items HICP,EA19,Euro area - 19 countries  (2015-2022),2013,,99.38,,,
dataflow,ESTAT:TEC00027(1.0),HICP - all items - annual average indices,A,Annual,INX_A_AVG,Annual average index,CP00,All-items HICP,EA19,Euro area - 19 countries  (2015-2022),2014,,99.81,,,
dataflow,ESTAT:TEC00027(1.0),HICP - all items - annual average indices,A,Annual,INX_A_AVG,Annual average index,CP00,All-items HICP,EA19,Euro area - 19 countries  (2015-2022),2015,,100.00,,,
dataflow,ESTAT:TEC00027(1.0),HICP - all items - annual average indices,A,Annual,INX_A_AVG,Annual average index,CP00,All-items HICP,EA19,Euro area - 19 countries  (2015-2022),2016,,100.23,,,
dataflow,ESTAT:TEC00027(1.0),HICP - all items - annual average indices,A,Annual,INX_A_AVG,Annual average index,CP00,All-items HICP,EA19,Euro area - 19 countries  (2015-2022),2017,,101.78,,,
dataflow,ESTAT:TEC00027(1.0),HICP - all items - annual average indices,A,Annual,INX_A_AVG,Annual average index,CP00,All-items HICP,EA19,Euro area - 19 countries  (2015-2022),2018,,103.56,,,
dataflow,ESTAT:TEC00027(1.0),HICP - all items - annual average indices,A,Annual,INX_A_AVG,Annual average index,CP00,All-items HICP,EA19,Euro area - 19 countries  (2015-2022),2019,,104.80,,,
dataflow,ESTAT:TEC00027(1.0),HICP - all items - annual average indices,A,Annual,INX_A_AVG,Annual average index,CP00,All-items HICP,EA19,Euro area - 19 countries  (2015-2022),2020,,105.06,,,
dataflow,ESTAT:TEC00027(1.0),HICP - all items - annual average indices,A,Annual,INX_A_AVG,Annual average index,CP00,All-items HICP,EA19,Euro area - 19 countries  (2015-2022),2021,,107.78,,,
dataflow,ESTAT:TEC00027(1.0),HICP - all items - annual average indices,A,Annual,INX_A_AVG,Annual average index,CP00,All-items HICP,EA19,Euro area - 19 countries  (2015-2022),2022,,116.82,,,
dataflow,ESTAT:TEC00027(1.0),HICP - all items - annual average indices,A,Annual,INX_A_AVG,Annual average index,CP00,All-items HICP,EA20,Euro area – 20 countries (from 2023),2011,,95.66,,,
dataflow,ESTAT:TEC00027(1.0),HICP - all items - annual average indices,A,Annual,INX_A_AVG,Annual average index,CP00,All-items HICP,EA20,Euro area – 20 countries (from 2023),2012,,98.06,,,
dataflow,ESTAT:TEC00027(1.0),HICP - all items - annual average indices,A,Annual,INX_A_AVG,Annual average index,CP00,All-items HICP,EA20,Euro area – 20 countries (from 2023),2013,,99.39,,,
dataflow,ESTAT:TEC00027(1.0),HICP - all items - annual average indices,A,Annual,INX_A_AVG,Annual average index,CP00,All-items HICP,EA20,Euro area – 20 countries (from 2023),2014,,99.81,,,
dataflow,ESTAT:TEC00027(1.0),HICP - all items - annual average indices,A,Annual,INX_A_AVG,Annual average index,CP00,All-items HICP,EA20,Euro area – 20 countries (from 2023),2015,,100.00,,,
dataflow,ESTAT:TEC00027(1.0),HICP - all items - annual average indices,A,Annual,INX_A_AVG,Annual average index,CP00,All-items HICP,EA20,Euro area – 20 countries (from 2023),2016,,100.23,,,
dataflow,ESTAT:TEC00027(1.0),HICP - all items - annual average indices,A,Annual,INX_A_AVG,Annual average index,CP00,All-items HICP,EA20,Euro area – 20 countries (from 2023),2017,,101.77,,,
dataflow,ESTAT:TEC00027(1.0),HICP - all items - annual average indices,A,Annual,INX_A_AVG,Annual average index,CP00,All-items HICP,EA20,Euro area – 20 countries (from 2023),2018,,103.55,,,
dataflow,ESTAT:TEC00027(1.0),HICP - all items - annual average indices,A,Annual,INX_A_AVG,Annual average index,CP00,All-items HICP,EA20,Euro area – 20 countries (from 2023),2019,,104.79,,,
dataflow,ESTAT:TEC00027(1.0),HICP - all items - annual average indices,A,Annual,INX_A_AVG,Annual average index,CP00,All-items HICP,EA20,Euro area – 20 countries (from 2023),2020,,105.05,,,
dataflow,ESTAT:TEC00027(1.0),HICP - all items - annual average indices,A,Annual,INX_A_AVG,Annual average index,CP00,All-items HICP,EA20,Euro area – 20 countries (from 2023),2021,,107.77,,,
dataflow,ESTAT:TEC00027(1.0),HICP - all items - annual average indices,A,Annual,INX_A_AVG,Annual average index,CP00,All-items HICP,EA20,Euro area – 20 countries (from 2023),2022,,116.83,,,
dataflow,ESTAT:TEC00027(1.0),HICP - all items - annual average indices,A,Annual,INX_A_AVG,Annual average index,CP00,All-items HICP,EE,Estonia,2011,,92.43,,,
dataflow,ESTAT:TEC00027(1.0),HICP - all items - annual average indices,A,Annual,INX_A_AVG,Annual average index,CP00,All-items HICP,EE,Estonia,2012,,96.33,,,
dataflow,ESTAT:TEC00027(1.0),HICP - all items - annual average indices,A,Annual,INX_A_AVG,Annual average index,CP00,All-items HICP,EE,Estonia,2013,,99.46,,,
dataflow,ESTAT:TEC00027(1.0),HICP - all items - annual average indices,A,Annual,INX_A_AVG,Annual average index,CP00,All-items HICP,EE,Estonia,2014,,99.93,,,
dataflow,ESTAT:TEC00027(1.0),HICP - all items - annual average indices,A,Annual,INX_A_AVG,Annual average index,CP00,All-items HICP,EE,Estonia,2015,,100.00,,,
dataflow,ESTAT:TEC00027(1.0),HICP - all items - annual average indices,A,Annual,INX_A_AVG,Annual average index,CP00,All-items HICP,EE,Estonia,2016,,100.80,,,
dataflow,ESTAT:TEC00027(1.0),HICP - all items - annual average indices,A,Annual,INX_A_AVG,Annual average index,CP00,All-items HICP,EE,Estonia,2017,,104.48,,,
dataflow,ESTAT:TEC00027(1.0),HICP - all items - annual average indices,A,Annual,INX_A_AVG,Annual average index,CP00,All-items HICP,EE,Estonia,2018,,108.05,,,
dataflow,ESTAT:TEC00027(1.0),HICP - all items - annual average indices,A,Annual,INX_A_AVG,Annual average index,CP00,All-items HICP,EE,Estonia,2019,,110.50,,,
dataflow,ESTAT:TEC00027(1.0),HICP - all items - annual average indices,A,Annual,INX_A_AVG,Annual average index,CP00,All-items HICP,EE,Estonia,2020,,109.80,,,
dataflow,ESTAT:TEC00027(1.0),HICP - all items - annual average indices,A,Annual,INX_A_AVG,Annual average index,CP00,All-items HICP,EE,Estonia,2021,,114.72,,,
dataflow,ESTAT:TEC00027(1.0),HICP - all items - annual average indices,A,Annual,INX_A_AVG,Annual average index,CP00,All-items HICP,EE,Estonia,2022,,137.03,,,
dataflow,ESTAT:TEC00027(1.0),HICP - all items - annual average indices,A,Annual,INX_A_AVG,Annual average index,CP00,All-items HICP,EL,Greece,2011,,102.36,,,
dataflow,ESTAT:TEC00027(1.0),HICP - all items - annual average indices,A,Annual,INX_A_AVG,Annual average index,CP00,All-items HICP,EL,Greece,2012,,103.42,,,
dataflow,ESTAT:TEC00027(1.0),HICP - all items - annual average indices,A,Annual,INX_A_AVG,Annual average index,CP00,All-items HICP,EL,Greece,2013,,102.54,,,
dataflow,ESTAT:TEC00027(1.0),HICP - all items - annual average indices,A,Annual,INX_A_AVG,Annual average index,CP00,All-items HICP,EL,Greece,2014,,101.11,,,
dataflow,ESTAT:TEC00027(1.0),HICP - all items - annual average indices,A,Annual,INX_A_AVG,Annual average index,CP00,All-items HICP,EL,Greece,2015,,100.00,,,
dataflow,ESTAT:TEC00027(1.0),HICP - all items - annual average indices,A,Annual,INX_A_AVG,Annual average index,CP00,All-items HICP,EL,Greece,2016,,100.02,,,
dataflow,ESTAT:TEC00027(1.0),HICP - all items - annual average indices,A,Annual,INX_A_AVG,Annual average index,CP00,All-items HICP,EL,Greece,2017,,101.15,,,
dataflow,ESTAT:TEC00027(1.0),HICP - all items - annual average indices,A,Annual,INX_A_AVG,Annual average index,CP00,All-items HICP,EL,Greece,2018,,101.94,,,
dataflow,ESTAT:TEC00027(1.0),HICP - all items - annual average indices,A,Annual,INX_A_AVG,Annual average index,CP00,All-items HICP,EL,Greece,2019,,102.46,,,
dataflow,ESTAT:TEC00027(1.0),HICP - all items - annual average indices,A,Annual,INX_A_AVG,Annual average index,CP00,All-items HICP,EL,Greece,2020,,101.17,,,
dataflow,ESTAT:TEC00027(1.0),HICP - all items - annual average indices,A,Annual,INX_A_AVG,Annual average index,CP00,All-items HICP,EL,Greece,2021,,101.75,,,
dataflow,ESTAT:TEC00027(1.0),HICP - all items - annual average indices,A,Annual,INX_A_AVG,Annual average index,CP00,All-items HICP,EL,Greece,2022,,111.21,,,
dataflow,ESTAT:TEC00027(1.0),HICP - all items - annual average indices,A,Annual,INX_A_AVG,Annual average index,CP00,All-items HICP,ES,Spain,2011,,96.94,,,
dataflow,ESTAT:TEC00027(1.0),HICP - all items - annual average indices,A,Annual,INX_A_AVG,Annual average index,CP00,All-items HICP,ES,Spain,2012,,99.31,,,
dataflow,ESTAT:TEC00027(1.0),HICP - all items - annual average indices,A,Annual,INX_A_AVG,Annual average index,CP00,All-items HICP,ES,Spain,2013,,100.83,,,
dataflow,ESTAT:TEC00027(1.0),HICP - all items - annual average indices,A,Annual,INX_A_AVG,Annual average index,CP00,All-items HICP,ES,Spain,2014,,100.63,,,
dataflow,ESTAT:TEC00027(1.0),HICP - all items - annual average indices,A,Annual,INX_A_AVG,Annual average index,CP00,All-items HICP,ES,Spain,2015,,100.00,,,
dataflow,ESTAT:TEC00027(1.0),HICP - all items - annual average indices,A,Annual,INX_A_AVG,Annual average index,CP00,All-items HICP,ES,Spain,2016,,99.66,,,
dataflow,ESTAT:TEC00027(1.0),HICP - all items - annual average indices,A,Annual,INX_A_AVG,Annual average index,CP00,All-items HICP,ES,Spain,2017,,101.69,,,
dataflow,ESTAT:TEC00027(1.0),HICP - all items - annual average indices,A,Annual,INX_A_AVG,Annual average index,CP00,All-items HICP,ES,Spain,2018,,103.46,,,
dataflow,ESTAT:TEC00027(1.0),HICP - all items - annual average indices,A,Annual,INX_A_AVG,Annual average index,CP00,All-items HICP,ES,Spain,2019,,104.26,,,
dataflow,ESTAT:TEC00027(1.0),HICP - all items - annual average indices,A,Annual,INX_A_AVG,Annual average index,CP00,All-items HICP,ES,Spain,2020,,103.91,,,
dataflow,ESTAT:TEC00027(1.0),HICP - all items - annual average indices,A,Annual,INX_A_AVG,Annual average index,CP00,All-items HICP,ES,Spain,2021,,107.04,,,
dataflow,ESTAT:TEC00027(1.0),HICP - all items - annual average indices,A,Annual,INX_A_AVG,Annual average index,CP00,All-items HICP,ES,Spain,2022,,115.95,,,
dataflow,ESTAT:TEC00027(1.0),HICP - all items - annual average indices,A,Annual,INX_A_AVG,Annual average index,CP00,All-items HICP,EU27_2020,European Union - 27 countries (from 2020),2011,,95.69,,,
dataflow,ESTAT:TEC00027(1.0),HICP - all items - annual average indices,A,Annual,INX_A_AVG,Annual average index,CP00,All-items HICP,EU27_2020,European Union - 27 countries (from 2020),2012,,98.19,,,
dataflow,ESTAT:TEC00027(1.0),HICP - all items - annual average indices,A,Annual,INX_A_AVG,Annual average index,CP00,All-items HICP,EU27_2020,European Union - 27 countries (from 2020),2013,,99.49,,,
dataflow,ESTAT:TEC00027(1.0),HICP - all items - annual average indices,A,Annual,INX_A_AVG,Annual average index,CP00,All-items HICP,EU27_2020,European Union - 27 countries (from 2020),2014,,99.89,,,
dataflow,ESTAT:TEC00027(1.0),HICP - all items - annual average indices,A,Annual,INX_A_AVG,Annual average index,CP00,All-items HICP,EU27_2020,European Union - 27 countries (from 2020),2015,,100.00,,,
dataflow,ESTAT:TEC00027(1.0),HICP - all items - annual average indices,A,Annual,INX_A_AVG,Annual average index,CP00,All-items HICP,EU27_2020,European Union - 27 countries (from 2020),2016,,100.18,,,
dataflow,ESTAT:TEC00027(1.0),HICP - all items - annual average indices,A,Annual,INX_A_AVG,Annual average index,CP00,All-items HICP,EU27_2020,European Union - 27 countries (from 2020),2017,,101.74,,,
dataflow,ESTAT:TEC00027(1.0),HICP - all items - annual average indices,A,Annual,INX_A_AVG,Annual average index,CP00,All-items HICP,EU27_2020,European Union - 27 countries (from 2020),2018,,103.57,,,
dataflow,ESTAT:TEC00027(1.0),HICP - all items - annual average indices,A,Annual,INX_A_AVG,Annual average index,CP00,All-items HICP,EU27_2020,European Union - 27 countries (from 2020),2019,,105.04,,,
dataflow,ESTAT:TEC00027(1.0),HICP - all items - annual average indices,A,Annual,INX_A_AVG,Annual average index,CP00,All-items HICP,EU27_2020,European Union - 27 countries (from 2020),2020,,105.76,,,
dataflow,ESTAT:TEC00027(1.0),HICP - all items - annual average indices,A,Annual,INX_A_AVG,Annual average index,CP00,All-items HICP,EU27_2020,European Union - 27 countries (from 2020),2021,,108.82,,,
dataflow,ESTAT:TEC00027(1.0),HICP - all items - annual average indices,A,Annual,INX_A_AVG,Annual average index,CP00,All-items HICP,EU27_2020,European Union - 27 countries (from 2020),2022,,118.82,,,
dataflow,ESTAT:TEC00027(1.0),HICP - all items - annual average indices,A,Annual,INX_A_AVG,Annual average index,CP00,All-items HICP,FI,Finland,2011,,93.85,,,
dataflow,ESTAT:TEC00027(1.0),HICP - all items - annual average indices,A,Annual,INX_A_AVG,Annual average index,CP00,All-items HICP,FI,Finland,2012,,96.81,,,
dataflow,ESTAT:TEC00027(1.0),HICP - all items - annual average indices,A,Annual,INX_A_AVG,Annual average index,CP00,All-items HICP,FI,Finland,2013,,98.96,,,
dataflow,ESTAT:TEC00027(1.0),HICP - all items - annual average indices,A,Annual,INX_A_AVG,Annual average index,CP00,All-items HICP,FI,Finland,2014,,100.16,,,
dataflow,ESTAT:TEC00027(1.0),HICP - all items - annual average indices,A,Annual,INX_A_AVG,Annual average index,CP00,All-items HICP,FI,Finland,2015,,100.00,,,
dataflow,ESTAT:TEC00027(1.0),HICP - all items - annual average indices,A,Annual,INX_A_AVG,Annual average index,CP00,All-items HICP,FI,Finland,2016,,100.39,,,
dataflow,ESTAT:TEC00027(1.0),HICP - all items - annual average indices,A,Annual,INX_A_AVG,Annual average index,CP00,All-items HICP,FI,Finland,2017,,101.23,,,
dataflow,ESTAT:TEC00027(1.0),HICP - all items - annual average indices,A,Annual,INX_A_AVG,Annual average index,CP00,All-items HICP,FI,Finland,2018,,102.42,,,
dataflow,ESTAT:TEC00027(1.0),HICP - all items - annual average indices,A,Annual,INX_A_AVG,Annual average index,CP00,All-items HICP,FI,Finland,2019,,103.58,,,
dataflow,ESTAT:TEC00027(1.0),HICP - all items - annual average indices,A,Annual,INX_A_AVG,Annual average index,CP00,All-items HICP,FI,Finland,2020,,103.98,,,
dataflow,ESTAT:TEC00027(1.0),HICP - all items - annual average indices,A,Annual,INX_A_AVG,Annual average index,CP00,All-items HICP,FI,Finland,2021,,106.12,,,
dataflow,ESTAT:TEC00027(1.0),HICP - all items - annual average indices,A,Annual,INX_A_AVG,Annual average index,CP00,All-items HICP,FI,Finland,2022,,113.74,,,
dataflow,ESTAT:TEC00027(1.0),HICP - all items - annual average indices,A,Annual,INX_A_AVG,Annual average index,CP00,All-items HICP,FR,France,2011,,96.20,,,
dataflow,ESTAT:TEC00027(1.0),HICP - all items - annual average indices,A,Annual,INX_A_AVG,Annual average index,CP00,All-items HICP,FR,France,2012,,98.33,,,
dataflow,ESTAT:TEC00027(1.0),HICP - all items - annual average indices,A,Annual,INX_A_AVG,Annual average index,CP00,All-items HICP,FR,France,2013,,99.31,,,
dataflow,ESTAT:TEC00027(1.0),HICP - all items - annual average indices,A,Annual,INX_A_AVG,Annual average index,CP00,All-items HICP,FR,France,2014,,99.91,,,
dataflow,ESTAT:TEC00027(1.0),HICP - all items - annual average indices,A,Annual,INX_A_AVG,Annual average index,CP00,All-items HICP,FR,France,2015,,100.00,,,
dataflow,ESTAT:TEC00027(1.0),HICP - all items - annual average indices,A,Annual,INX_A_AVG,Annual average index,CP00,All-items HICP,FR,France,2016,,100.31,,,
dataflow,ESTAT:TEC00027(1.0),HICP - all items - annual average indices,A,Annual,INX_A_AVG,Annual average index,CP00,All-items HICP,FR,France,2017,,101.47,,,
dataflow,ESTAT:TEC00027(1.0),HICP - all items - annual average indices,A,Annual,INX_A_AVG,Annual average index,CP00,All-items HICP,FR,France,2018,,103.60,,,
dataflow,ESTAT:TEC00027(1.0),HICP - all items - annual average indices,A,Annual,INX_A_AVG,Annual average index,CP00,All-items HICP,FR,France,2019,,104.95,,,
dataflow,ESTAT:TEC00027(1.0),HICP - all items - annual average indices,A,Annual,INX_A_AVG,Annual average index,CP00,All-items HICP,FR,France,2020,,105.50,,,
dataflow,ESTAT:TEC00027(1.0),HICP - all items - annual average indices,A,Annual,INX_A_AVG,Annual average index,CP00,All-items HICP,FR,France,2021,,107.68,,,
dataflow,ESTAT:TEC00027(1.0),HICP - all items - annual average indices,A,Annual,INX_A_AVG,Annual average index,CP00,All-items HICP,FR,France,2022,,114.04,,,
dataflow,ESTAT:TEC00027(1.0),HICP - all items - annual average indices,A,Annual,INX_A_AVG,Annual average index,CP00,All-items HICP,HR,Croatia,2011,,94.59,,,
dataflow,ESTAT:TEC00027(1.0),HICP - all items - annual average indices,A,Annual,INX_A_AVG,Annual average index,CP00,All-items HICP,HR,Croatia,2012,,97.76,,,
dataflow,ESTAT:TEC00027(1.0),HICP - all items - annual average indices,A,Annual,INX_A_AVG,Annual average index,CP00,All-items HICP,HR,Croatia,2013,,100.04,,,
dataflow,ESTAT:TEC00027(1.0),HICP - all items - annual average indices,A,Annual,INX_A_AVG,Annual average index,CP00,All-items HICP,HR,Croatia,2014,,100.26,,,
dataflow,ESTAT:TEC00027(1.0),HICP - all items - annual average indices,A,Annual,INX_A_AVG,Annual average index,CP00,All-items HICP,HR,Croatia,2015,,100.00,,,
dataflow,ESTAT:TEC00027(1.0),HICP - all items - annual average indices,A,Annual,INX_A_AVG,Annual average index,CP00,All-items HICP,HR,Croatia,2016,,99.37,,,
dataflow,ESTAT:TEC00027(1.0),HICP - all items - annual average indices,A,Annual,INX_A_AVG,Annual average index,CP00,All-items HICP,HR,Croatia,2017,,100.67,,,
dataflow,ESTAT:TEC00027(1.0),HICP - all items - annual average indices,A,Annual,INX_A_AVG,Annual average index,CP00,All-items HICP,HR,Croatia,2018,,102.23,,,
dataflow,ESTAT:TEC00027(1.0),HICP - all items - annual average indices,A,Annual,INX_A_AVG,Annual average index,CP00,All-items HICP,HR,Croatia,2019,,103.04,,,
dataflow,ESTAT:TEC00027(1.0),HICP - all items - annual average indices,A,Annual,INX_A_AVG,Annual average index,CP00,All-items HICP,HR,Croatia,2020,,103.06,,,
dataflow,ESTAT:TEC00027(1.0),HICP - all items - annual average indices,A,Annual,INX_A_AVG,Annual average index,CP00,All-items HICP,HR,Croatia,2021,,105.82,,,
dataflow,ESTAT:TEC00027(1.0),HICP - all items - annual average indices,A,Annual,INX_A_AVG,Annual average index,CP00,All-items HICP,HR,Croatia,2022,,117.11,,,
dataflow,ESTAT:TEC00027(1.0),HICP - all items - annual average indices,A,Annual,INX_A_AVG,Annual average index,CP00,All-items HICP,HU,Hungary,2011,,92.98,,,
dataflow,ESTAT:TEC00027(1.0),HICP - all items - annual average indices,A,Annual,INX_A_AVG,Annual average index,CP00,All-items HICP,HU,Hungary,2012,,98.24,,,
dataflow,ESTAT:TEC00027(1.0),HICP - all items - annual average indices,A,Annual,INX_A_AVG,Annual average index,CP00,All-items HICP,HU,Hungary,2013,,99.92,,,
dataflow,ESTAT:TEC00027(1.0),HICP - all items - annual average indices,A,Annual,INX_A_AVG,Annual average index,CP00,All-items HICP,HU,Hungary,2014,,99.94,,,
dataflow,ESTAT:TEC00027(1.0),HICP - all items - annual average indices,A,Annual,INX_A_AVG,Annual average index,CP00,All-items HICP,HU,Hungary,2015,,100.00,,,
dataflow,ESTAT:TEC00027(1.0),HICP - all items - annual average indices,A,Annual,INX_A_AVG,Annual average index,CP00,All-items HICP,HU,Hungary,2016,,100.45,,,
dataflow,ESTAT:TEC00027(1.0),HICP - all items - annual average indices,A,Annual,INX_A_AVG,Annual average index,CP00,All-items HICP,HU,Hungary,2017,,102.84,,,
dataflow,ESTAT:TEC00027(1.0),HICP - all items - annual average indices,A,Annual,INX_A_AVG,Annual average index,CP00,All-items HICP,HU,Hungary,2018,,105.84,,,
dataflow,ESTAT:TEC00027(1.0),HICP - all items - annual average indices,A,Annual,INX_A_AVG,Annual average index,CP00,All-items HICP,HU,Hungary,2019,,109.46,,,
dataflow,ESTAT:TEC00027(1.0),HICP - all items - annual average indices,A,Annual,INX_A_AVG,Annual average index,CP00,All-items HICP,HU,Hungary,2020,,113.15,,,
dataflow,ESTAT:TEC00027(1.0),HICP - all items - annual average indices,A,Annual,INX_A_AVG,Annual average index,CP00,All-items HICP,HU,Hungary,2021,,119.04,,,
dataflow,ESTAT:TEC00027(1.0),HICP - all items - annual average indices,A,Annual,INX_A_AVG,Annual average index,CP00,All-items HICP,HU,Hungary,2022,,137.22,,,
dataflow,ESTAT:TEC00027(1.0),HICP - all items - annual average indices,A,Annual,INX_A_AVG,Annual average index,CP00,All-items HICP,IE,Ireland,2011,,97.4,,,
dataflow,ESTAT:TEC00027(1.0),HICP - all items - annual average indices,A,Annual,INX_A_AVG,Annual average index,CP00,All-items HICP,IE,Ireland,2012,,99.2,,,
dataflow,ESTAT:TEC00027(1.0),HICP - all items - annual average indices,A,Annual,INX_A_AVG,Annual average index,CP00,All-items HICP,IE,Ireland,2013,,99.7,,,
dataflow,ESTAT:TEC00027(1.0),HICP - all items - annual average indices,A,Annual,INX_A_AVG,Annual average index,CP00,All-items HICP,IE,Ireland,2014,,100.0,,,
dataflow,ESTAT:TEC00027(1.0),HICP - all items - annual average indices,A,Annual,INX_A_AVG,Annual average index,CP00,All-items HICP,IE,Ireland,2015,,100.0,,,
dataflow,ESTAT:TEC00027(1.0),HICP - all items - annual average indices,A,Annual,INX_A_AVG,Annual average index,CP00,All-items HICP,IE,Ireland,2016,,99.8,,,
dataflow,ESTAT:TEC00027(1.0),HICP - all items - annual average indices,A,Annual,INX_A_AVG,Annual average index,CP00,All-items HICP,IE,Ireland,2017,,100.1,,,
dataflow,ESTAT:TEC00027(1.0),HICP - all items - annual average indices,A,Annual,INX_A_AVG,Annual average index,CP00,All-items HICP,IE,Ireland,2018,,100.8,,,
dataflow,ESTAT:TEC00027(1.0),HICP - all items - annual average indices,A,Annual,INX_A_AVG,Annual average index,CP00,All-items HICP,IE,Ireland,2019,,101.7,,,
dataflow,ESTAT:TEC00027(1.0),HICP - all items - annual average indices,A,Annual,INX_A_AVG,Annual average index,CP00,All-items HICP,IE,Ireland,2020,,101.2,,,
dataflow,ESTAT:TEC00027(1.0),HICP - all items - annual average indices,A,Annual,INX_A_AVG,Annual average index,CP00,All-items HICP,IE,Ireland,2021,,103.6,,,
dataflow,ESTAT:TEC00027(1.0),HICP - all items - annual average indices,A,Annual,INX_A_AVG,Annual average index,CP00,All-items HICP,IE,Ireland,2022,,112.0,,,
dataflow,ESTAT:TEC00027(1.0),HICP - all items - annual average indices,A,Annual,INX_A_AVG,Annual average index,CP00,All-items HICP,IS,Iceland,2011,,89.46,,,
dataflow,ESTAT:TEC00027(1.0),HICP - all items - annual average indices,A,Annual,INX_A_AVG,Annual average index,CP00,All-items HICP,IS,Iceland,2012,,94.84,,,
dataflow,ESTAT:TEC00027(1.0),HICP - all items - annual average indices,A,Annual,INX_A_AVG,Annual average index,CP00,All-items HICP,IS,Iceland,2013,,98.76,,,
dataflow,ESTAT:TEC00027(1.0),HICP - all items - annual average indices,A,Annual,INX_A_AVG,Annual average index,CP00,All-items HICP,IS,Iceland,2014,,99.74,,,
dataflow,ESTAT:TEC00027(1.0),HICP - all items - annual average indices,A,Annual,INX_A_AVG,Annual average index,CP00,All-items HICP,IS,Iceland,2015,,100.00,,,
dataflow,ESTAT:TEC00027(1.0),HICP - all items - annual average indices,A,Annual,INX_A_AVG,Annual average index,CP00,All-items HICP,IS,Iceland,2016,,100.79,,,
dataflow,ESTAT:TEC00027(1.0),HICP - all items - annual average indices,A,Annual,INX_A_AVG,Annual average index,CP00,All-items HICP,IS,Iceland,2017,,99.13,,,
dataflow,ESTAT:TEC00027(1.0),HICP - all items - annual average indices,A,Annual,INX_A_AVG,Annual average index,CP00,All-items HICP,IS,Iceland,2018,,99.86,,,
dataflow,ESTAT:TEC00027(1.0),HICP - all items - annual average indices,A,Annual,INX_A_AVG,Annual average index,CP00,All-items HICP,IS,Iceland,2019,,101.85,,,
dataflow,ESTAT:TEC00027(1.0),HICP - all items - annual average indices,A,Annual,INX_A_AVG,Annual average index,CP00,All-items HICP,IS,Iceland,2020,,103.06,,,
dataflow,ESTAT:TEC00027(1.0),HICP - all items - annual average indices,A,Annual,INX_A_AVG,Annual average index,CP00,All-items HICP,IS,Iceland,2021,,106.84,,,
dataflow,ESTAT:TEC00027(1.0),HICP - all items - annual average indices,A,Annual,INX_A_AVG,Annual average index,CP00,All-items HICP,IS,Iceland,2022,,112.96,,,
dataflow,ESTAT:TEC00027(1.0),HICP - all items - annual average indices,A,Annual,INX_A_AVG,Annual average index,CP00,All-items HICP,IT,Italy,2011,,95.3,,,
dataflow,ESTAT:TEC00027(1.0),HICP - all items - annual average indices,A,Annual,INX_A_AVG,Annual average index,CP00,All-items HICP,IT,Italy,2012,,98.4,,,
dataflow,ESTAT:TEC00027(1.0),HICP - all items - annual average indices,A,Annual,INX_A_AVG,Annual average index,CP00,All-items HICP,IT,Italy,2013,,99.7,,,
dataflow,ESTAT:TEC00027(1.0),HICP - all items - annual average indices,A,Annual,INX_A_AVG,Annual average index,CP00,All-items HICP,IT,Italy,2014,,99.9,,,
dataflow,ESTAT:TEC00027(1.0),HICP - all items - annual average indices,A,Annual,INX_A_AVG,Annual average index,CP00,All-items HICP,IT,Italy,2015,,100.0,,,
dataflow,ESTAT:TEC00027(1.0),HICP - all items - annual average indices,A,Annual,INX_A_AVG,Annual average index,CP00,All-items HICP,IT,Italy,2016,,99.9,,,
dataflow,ESTAT:TEC00027(1.0),HICP - all items - annual average indices,A,Annual,INX_A_AVG,Annual average index,CP00,All-items HICP,IT,Italy,2017,,101.3,,,
dataflow,ESTAT:TEC00027(1.0),HICP - all items - annual average indices,A,Annual,INX_A_AVG,Annual average index,CP00,All-items HICP,IT,Italy,2018,,102.5,,,
dataflow,ESTAT:TEC00027(1.0),HICP - all items - annual average indices,A,Annual,INX_A_AVG,Annual average index,CP00,All-items HICP,IT,Italy,2019,,103.2,,,
dataflow,ESTAT:TEC00027(1.0),HICP - all items - annual average indices,A,Annual,INX_A_AVG,Annual average index,CP00,All-items HICP,IT,Italy,2020,,103.0,,,
dataflow,ESTAT:TEC00027(1.0),HICP - all items - annual average indices,A,Annual,INX_A_AVG,Annual average index,CP00,All-items HICP,IT,Italy,2021,,105.0,,,
dataflow,ESTAT:TEC00027(1.0),HICP - all items - annual average indices,A,Annual,INX_A_AVG,Annual average index,CP00,All-items HICP,IT,Italy,2022,,114.2,,,
dataflow,ESTAT:TEC00027(1.0),HICP - all items - annual average indices,A,Annual,INX_A_AVG,Annual average index,CP00,All-items HICP,LT,Lithuania,2011,,96.24,,,
dataflow,ESTAT:TEC00027(1.0),HICP - all items - annual average indices,A,Annual,INX_A_AVG,Annual average index,CP00,All-items HICP,LT,Lithuania,2012,,99.28,,,
dataflow,ESTAT:TEC00027(1.0),HICP - all items - annual average indices,A,Annual,INX_A_AVG,Annual average index,CP00,All-items HICP,LT,Lithuania,2013,,100.44,,,
dataflow,ESTAT:TEC00027(1.0),HICP - all items - annual average indices,A,Annual,INX_A_AVG,Annual average index,CP00,All-items HICP,LT,Lithuania,2014,,100.68,,,
dataflow,ESTAT:TEC00027(1.0),HICP - all items - annual average indices,A,Annual,INX_A_AVG,Annual average index,CP00,All-items HICP,LT,Lithuania,2015,,100.00,,,
dataflow,ESTAT:TEC00027(1.0),HICP - all items - annual average indices,A,Annual,INX_A_AVG,Annual average index,CP00,All-items HICP,LT,Lithuania,2016,,100.68,,,
dataflow,ESTAT:TEC00027(1.0),HICP - all items - annual average indices,A,Annual,INX_A_AVG,Annual average index,CP00,All-items HICP,LT,Lithuania,2017,,104.42,,,
dataflow,ESTAT:TEC00027(1.0),HICP - all items - annual average indices,A,Annual,INX_A_AVG,Annual average index,CP00,All-items HICP,LT,Lithuania,2018,,107.07,,,
dataflow,ESTAT:TEC00027(1.0),HICP - all items - annual average indices,A,Annual,INX_A_AVG,Annual average index,CP00,All-items HICP,LT,Lithuania,2019,,109.47,,,
dataflow,ESTAT:TEC00027(1.0),HICP - all items - annual average indices,A,Annual,INX_A_AVG,Annual average index,CP00,All-items HICP,LT,Lithuania,2020,,110.63,,,
dataflow,ESTAT:TEC00027(1.0),HICP - all items - annual average indices,A,Annual,INX_A_AVG,Annual average index,CP00,All-items HICP,LT,Lithuania,2021,,115.75,,,
dataflow,ESTAT:TEC00027(1.0),HICP - all items - annual average indices,A,Annual,INX_A_AVG,Annual average index,CP00,All-items HICP,LT,Lithuania,2022,,137.57,,,
dataflow,ESTAT:TEC00027(1.0),HICP - all items - annual average indices,A,Annual,INX_A_AVG,Annual average index,CP00,All-items HICP,LU,Luxembourg,2011,,94.85,,,
dataflow,ESTAT:TEC00027(1.0),HICP - all items - annual average indices,A,Annual,INX_A_AVG,Annual average index,CP00,All-items HICP,LU,Luxembourg,2012,,97.59,,,
dataflow,ESTAT:TEC00027(1.0),HICP - all items - annual average indices,A,Annual,INX_A_AVG,Annual average index,CP00,All-items HICP,LU,Luxembourg,2013,,99.25,,,
dataflow,ESTAT:TEC00027(1.0),HICP - all items - annual average indices,A,Annual,INX_A_AVG,Annual average index,CP00,All-items HICP,LU,Luxembourg,2014,,99.94,,,
dataflow,ESTAT:TEC00027(1.0),HICP - all items - annual average indices,A,Annual,INX_A_AVG,Annual average index,CP00,All-items HICP,LU,Luxembourg,2015,,100.00,,,
dataflow,ESTAT:TEC00027(1.0),HICP - all items - annual average indices,A,Annual,INX_A_AVG,Annual average index,CP00,All-items HICP,LU,Luxembourg,2016,,100.04,,,
dataflow,ESTAT:TEC00027(1.0),HICP - all items - annual average indices,A,Annual,INX_A_AVG,Annual average index,CP00,All-items HICP,LU,Luxembourg,2017,,102.15,,,
dataflow,ESTAT:TEC00027(1.0),HICP - all items - annual average indices,A,Annual,INX_A_AVG,Annual average index,CP00,All-items HICP,LU,Luxembourg,2018,,104.21,,,
dataflow,ESTAT:TEC00027(1.0),HICP - all items - annual average indices,A,Annual,INX_A_AVG,Annual average index,CP00,All-items HICP,LU,Luxembourg,2019,,105.93,,,
dataflow,ESTAT:TEC00027(1.0),HICP - all items - annual average indices,A,Annual,INX_A_AVG,Annual average index,CP00,All-items HICP,LU,Luxembourg,2020,,105.93,,,
dataflow,ESTAT:TEC00027(1.0),HICP - all items - annual average indices,A,Annual,INX_A_AVG,Annual average index,CP00,All-items HICP,LU,Luxembourg,2021,,109.61,,,
dataflow,ESTAT:TEC00027(1.0),HICP - all items - annual average indices,A,Annual,INX_A_AVG,Annual average index,CP00,All-items HICP,LU,Luxembourg,2022,,118.55,,,
dataflow,ESTAT:TEC00027(1.0),HICP - all items - annual average indices,A,Annual,INX_A_AVG,Annual average index,CP00,All-items HICP,LV,Latvia,2011,,96.88,,,
dataflow,ESTAT:TEC00027(1.0),HICP - all items - annual average indices,A,Annual,INX_A_AVG,Annual average index,CP00,All-items HICP,LV,Latvia,2012,,99.09,,,
dataflow,ESTAT:TEC00027(1.0),HICP - all items - annual average indices,A,Annual,INX_A_AVG,Annual average index,CP00,All-items HICP,LV,Latvia,2013,,99.11,,,
dataflow,ESTAT:TEC00027(1.0),HICP - all items - annual average indices,A,Annual,INX_A_AVG,Annual average index,CP00,All-items HICP,LV,Latvia,2014,,99.79,,,
dataflow,ESTAT:TEC00027(1.0),HICP - all items - annual average indices,A,Annual,INX_A_AVG,Annual average index,CP00,All-items HICP,LV,Latvia,2015,,100.00,,,
dataflow,ESTAT:TEC00027(1.0),HICP - all items - annual average indices,A,Annual,INX_A_AVG,Annual average index,CP00,All-items HICP,LV,Latvia,2016,,100.10,,,
dataflow,ESTAT:TEC00027(1.0),HICP - all items - annual average indices,A,Annual,INX_A_AVG,Annual average index,CP00,All-items HICP,LV,Latvia,2017,,103.00,,,
dataflow,ESTAT:TEC00027(1.0),HICP - all items - annual average indices,A,Annual,INX_A_AVG,Annual average index,CP00,All-items HICP,LV,Latvia,2018,,105.63,,,
dataflow,ESTAT:TEC00027(1.0),HICP - all items - annual average indices,A,Annual,INX_A_AVG,Annual average index,CP00,All-items HICP,LV,Latvia,2019,,108.53,,,
dataflow,ESTAT:TEC00027(1.0),HICP - all items - annual average indices,A,Annual,INX_A_AVG,Annual average index,CP00,All-items HICP,LV,Latvia,2020,,108.62,,,
dataflow,ESTAT:TEC00027(1.0),HICP - all items - annual average indices,A,Annual,INX_A_AVG,Annual average index,CP00,All-items HICP,LV,Latvia,2021,,112.14,,,
dataflow,ESTAT:TEC00027(1.0),HICP - all items - annual average indices,A,Annual,INX_A_AVG,Annual average index,CP00,All-items HICP,LV,Latvia,2022,,131.47,,,
dataflow,ESTAT:TEC00027(1.0),HICP - all items - annual average indices,A,Annual,INX_A_AVG,Annual average index,CP00,All-items HICP,ME,Montenegro,2015,,100.00,,d,definition differs (see metadata)
dataflow,ESTAT:TEC00027(1.0),HICP - all items - annual average indices,A,Annual,INX_A_AVG,Annual average index,CP00,All-items HICP,ME,Montenegro,2016,,99.93,,d,definition differs (see metadata)
dataflow,ESTAT:TEC00027(1.0),HICP - all items - annual average indices,A,Annual,INX_A_AVG,Annual average index,CP00,All-items HICP,ME,Montenegro,2017,,102.68,,d,definition differs (see metadata)
dataflow,ESTAT:TEC00027(1.0),HICP - all items - annual average indices,A,Annual,INX_A_AVG,Annual average index,CP00,All-items HICP,ME,Montenegro,2018,,105.39,,d,definition differs (see metadata)
dataflow,ESTAT:TEC00027(1.0),HICP - all items - annual average indices,A,Annual,INX_A_AVG,Annual average index,CP00,All-items HICP,ME,Montenegro,2019,,105.94,,d,definition differs (see metadata)
dataflow,ESTAT:TEC00027(1.0),HICP - all items - annual average indices,A,Annual,INX_A_AVG,Annual average index,CP00,All-items HICP,ME,Montenegro,2020,,105.39,,d,definition differs (see metadata)
dataflow,ESTAT:TEC00027(1.0),HICP - all items - annual average indices,A,Annual,INX_A_AVG,Annual average index,CP00,All-items HICP,ME,Montenegro,2021,,108.03,,d,definition differs (see metadata)
dataflow,ESTAT:TEC00027(1.0),HICP - all items - annual average indices,A,Annual,INX_A_AVG,Annual average index,CP00,All-items HICP,ME,Montenegro,2022,,120.92,,d,definition differs (see metadata)
dataflow,ESTAT:TEC00027(1.0),HICP - all items - annual average indices,A,Annual,INX_A_AVG,Annual average index,CP00,All-items HICP,MK,North Macedonia,2011,,95.52,,d,definition differs (see metadata)
dataflow,ESTAT:TEC00027(1.0),HICP - all items - annual average indices,A,Annual,INX_A_AVG,Annual average index,CP00,All-items HICP,MK,North Macedonia,2012,,97.26,,d,definition differs (see metadata)
dataflow,ESTAT:TEC00027(1.0),HICP - all items - annual average indices,A,Annual,INX_A_AVG,Annual average index,CP00,All-items HICP,MK,North Macedonia,2013,,99.91,,d,definition differs (see metadata)
dataflow,ESTAT:TEC00027(1.0),HICP - all items - annual average indices,A,Annual,INX_A_AVG,Annual average index,CP00,All-items HICP,MK,North Macedonia,2014,,99.87,,d,definition differs (see metadata)
dataflow,ESTAT:TEC00027(1.0),HICP - all items - annual average indices,A,Annual,INX_A_AVG,Annual average index,CP00,All-items HICP,MK,North Macedonia,2015,,100.00,,d,definition differs (see metadata)
dataflow,ESTAT:TEC00027(1.0),HICP - all items - annual average indices,A,Annual,INX_A_AVG,Annual average index,CP00,All-items HICP,MK,North Macedonia,2016,,100.24,,d,definition differs (see metadata)
dataflow,ESTAT:TEC00027(1.0),HICP - all items - annual average indices,A,Annual,INX_A_AVG,Annual average index,CP00,All-items HICP,MK,North Macedonia,2017,,102.35,,d,definition differs (see metadata)
dataflow,ESTAT:TEC00027(1.0),HICP - all items - annual average indices,A,Annual,INX_A_AVG,Annual average index,CP00,All-items HICP,MK,North Macedonia,2018,,104.66,,d,definition differs (see metadata)
dataflow,ESTAT:TEC00027(1.0),HICP - all items - annual average indices,A,Annual,INX_A_AVG,Annual average index,CP00,All-items HICP,MK,North Macedonia,2019,,105.42,,d,definition differs (see metadata)
dataflow,ESTAT:TEC00027(1.0),HICP - all items - annual average indices,A,Annual,INX_A_AVG,Annual average index,CP00,All-items HICP,MK,North Macedonia,2020,,106.73,,d,definition differs (see metadata)
dataflow,ESTAT:TEC00027(1.0),HICP - all items - annual average indices,A,Annual,INX_A_AVG,Annual average index,CP00,All-items HICP,MK,North Macedonia,2021,,110.36,,d,definition differs (see metadata)
dataflow,ESTAT:TEC00027(1.0),HICP - all items - annual average indices,A,Annual,INX_A_AVG,Annual average index,CP00,All-items HICP,MK,North Macedonia,2022,,125.83,,d,definition differs (see metadata)
dataflow,ESTAT:TEC00027(1.0),HICP - all items - annual average indices,A,Annual,INX_A_AVG,Annual average index,CP00,All-items HICP,MT,Malta,2011,,94.10,,,
dataflow,ESTAT:TEC00027(1.0),HICP - all items - annual average indices,A,Annual,INX_A_AVG,Annual average index,CP00,All-items HICP,MT,Malta,2012,,97.13,,,
dataflow,ESTAT:TEC00027(1.0),HICP - all items - annual average indices,A,Annual,INX_A_AVG,Annual average index,CP00,All-items HICP,MT,Malta,2013,,98.08,,,
dataflow,ESTAT:TEC00027(1.0),HICP - all items - annual average indices,A,Annual,INX_A_AVG,Annual average index,CP00,All-items HICP,MT,Malta,2014,,98.84,,,
dataflow,ESTAT:TEC00027(1.0),HICP - all items - annual average indices,A,Annual,INX_A_AVG,Annual average index,CP00,All-items HICP,MT,Malta,2015,,100.00,,,
dataflow,ESTAT:TEC00027(1.0),HICP - all items - annual average indices,A,Annual,INX_A_AVG,Annual average index,CP00,All-items HICP,MT,Malta,2016,,100.90,,,
dataflow,ESTAT:TEC00027(1.0),HICP - all items - annual average indices,A,Annual,INX_A_AVG,Annual average index,CP00,All-items HICP,MT,Malta,2017,,102.18,,,
dataflow,ESTAT:TEC00027(1.0),HICP - all items - annual average indices,A,Annual,INX_A_AVG,Annual average index,CP00,All-items HICP,MT,Malta,2018,,103.95,,,
dataflow,ESTAT:TEC00027(1.0),HICP - all items - annual average indices,A,Annual,INX_A_AVG,Annual average index,CP00,All-items HICP,MT,Malta,2019,,105.54,,,
dataflow,ESTAT:TEC00027(1.0),HICP - all items - annual average indices,A,Annual,INX_A_AVG,Annual average index,CP00,All-items HICP,MT,Malta,2020,,106.37,,,
dataflow,ESTAT:TEC00027(1.0),HICP - all items - annual average indices,A,Annual,INX_A_AVG,Annual average index,CP00,All-items HICP,MT,Malta,2021,,107.12,,,
dataflow,ESTAT:TEC00027(1.0),HICP - all items - annual average indices,A,Annual,INX_A_AVG,Annual average index,CP00,All-items HICP,MT,Malta,2022,,113.69,,,
dataflow,ESTAT:TEC00027(1.0),HICP - all items - annual average indices,A,Annual,INX_A_AVG,Annual average index,CP00,All-items HICP,NL,Netherlands,2011,,94.32,,,
dataflow,ESTAT:TEC00027(1.0),HICP - all items - annual average indices,A,Annual,INX_A_AVG,Annual average index,CP00,All-items HICP,NL,Netherlands,2012,,96.99,,,
dataflow,ESTAT:TEC00027(1.0),HICP - all items - annual average indices,A,Annual,INX_A_AVG,Annual average index,CP00,All-items HICP,NL,Netherlands,2013,,99.47,,,
dataflow,ESTAT:TEC00027(1.0),HICP - all items - annual average indices,A,Annual,INX_A_AVG,Annual average index,CP00,All-items HICP,NL,Netherlands,2014,,99.79,,,
dataflow,ESTAT:TEC00027(1.0),HICP - all items - annual average indices,A,Annual,INX_A_AVG,Annual average index,CP00,All-items HICP,NL,Netherlands,2015,,100.00,,,
dataflow,ESTAT:TEC00027(1.0),HICP - all items - annual average indices,A,Annual,INX_A_AVG,Annual average index,CP00,All-items HICP,NL,Netherlands,2016,,100.11,,,
dataflow,ESTAT:TEC00027(1.0),HICP - all items - annual average indices,A,Annual,INX_A_AVG,Annual average index,CP00,All-items HICP,NL,Netherlands,2017,,101.40,,,
dataflow,ESTAT:TEC00027(1.0),HICP - all items - annual average indices,A,Annual,INX_A_AVG,Annual average index,CP00,All-items HICP,NL,Netherlands,2018,,103.02,,,
dataflow,ESTAT:TEC00027(1.0),HICP - all items - annual average indices,A,Annual,INX_A_AVG,Annual average index,CP00,All-items HICP,NL,Netherlands,2019,,105.78,,,
dataflow,ESTAT:TEC00027(1.0),HICP - all items - annual average indices,A,Annual,INX_A_AVG,Annual average index,CP00,All-items HICP,NL,Netherlands,2020,,106.96,,,
dataflow,ESTAT:TEC00027(1.0),HICP - all items - annual average indices,A,Annual,INX_A_AVG,Annual average index,CP00,All-items HICP,NL,Netherlands,2021,,109.98,,,
dataflow,ESTAT:TEC00027(1.0),HICP - all items - annual average indices,A,Annual,INX_A_AVG,Annual average index,CP00,All-items HICP,NL,Netherlands,2022,,122.78,,,
dataflow,ESTAT:TEC00027(1.0),HICP - all items - annual average indices,A,Annual,INX_A_AVG,Annual average index,CP00,All-items HICP,NO,Norway,2011,,94.0,,,
dataflow,ESTAT:TEC00027(1.0),HICP - all items - annual average indices,A,Annual,INX_A_AVG,Annual average index,CP00,All-items HICP,NO,Norway,2012,,94.3,,,
dataflow,ESTAT:TEC00027(1.0),HICP - all items - annual average indices,A,Annual,INX_A_AVG,Annual average index,CP00,All-items HICP,NO,Norway,2013,,96.2,,,
dataflow,ESTAT:TEC00027(1.0),HICP - all items - annual average indices,A,Annual,INX_A_AVG,Annual average index,CP00,All-items HICP,NO,Norway,2014,,98.0,,,
dataflow,ESTAT:TEC00027(1.0),HICP - all items - annual average indices,A,Annual,INX_A_AVG,Annual average index,CP00,All-items HICP,NO,Norway,2015,,100.0,,,
dataflow,ESTAT:TEC00027(1.0),HICP - all items - annual average indices,A,Annual,INX_A_AVG,Annual average index,CP00,All-items HICP,NO,Norway,2016,,103.9,,,
dataflow,ESTAT:TEC00027(1.0),HICP - all items - annual average indices,A,Annual,INX_A_AVG,Annual average index,CP00,All-items HICP,NO,Norway,2017,,105.8,,,
dataflow,ESTAT:TEC00027(1.0),HICP - all items - annual average indices,A,Annual,INX_A_AVG,Annual average index,CP00,All-items HICP,NO,Norway,2018,,109.0,,,
dataflow,ESTAT:TEC00027(1.0),HICP - all items - annual average indices,A,Annual,INX_A_AVG,Annual average index,CP00,All-items HICP,NO,Norway,2019,,111.5,,,
dataflow,ESTAT:TEC00027(1.0),HICP - all items - annual average indices,A,Annual,INX_A_AVG,Annual average index,CP00,All-items HICP,NO,Norway,2020,,112.8,,,
dataflow,ESTAT:TEC00027(1.0),HICP - all items - annual average indices,A,Annual,INX_A_AVG,Annual average index,CP00,All-items HICP,NO,Norway,2021,,117.2,,,
dataflow,ESTAT:TEC00027(1.0),HICP - all items - annual average indices,A,Annual,INX_A_AVG,Annual average index,CP00,All-items HICP,NO,Norway,2022,,124.5,,,
dataflow,ESTAT:TEC00027(1.0),HICP - all items - annual average indices,A,Annual,INX_A_AVG,Annual average index,CP00,All-items HICP,PL,Poland,2011,,96.3,,,
dataflow,ESTAT:TEC00027(1.0),HICP - all items - annual average indices,A,Annual,INX_A_AVG,Annual average index,CP00,All-items HICP,PL,Poland,2012,,99.8,,,
dataflow,ESTAT:TEC00027(1.0),HICP - all items - annual average indices,A,Annual,INX_A_AVG,Annual average index,CP00,All-items HICP,PL,Poland,2013,,100.6,,,
dataflow,ESTAT:TEC00027(1.0),HICP - all items - annual average indices,A,Annual,INX_A_AVG,Annual average index,CP00,All-items HICP,PL,Poland,2014,,100.7,,,
dataflow,ESTAT:TEC00027(1.0),HICP - all items - annual average indices,A,Annual,INX_A_AVG,Annual average index,CP00,All-items HICP,PL,Poland,2015,,100.0,,,
dataflow,ESTAT:TEC00027(1.0),HICP - all items - annual average indices,A,Annual,INX_A_AVG,Annual average index,CP00,All-items HICP,PL,Poland,2016,,99.8,,,
dataflow,ESTAT:TEC00027(1.0),HICP - all items - annual average indices,A,Annual,INX_A_AVG,Annual average index,CP00,All-items HICP,PL,Poland,2017,,101.4,,,
dataflow,ESTAT:TEC00027(1.0),HICP - all items - annual average indices,A,Annual,INX_A_AVG,Annual average index,CP00,All-items HICP,PL,Poland,2018,,102.6,,,
dataflow,ESTAT:TEC00027(1.0),HICP - all items - annual average indices,A,Annual,INX_A_AVG,Annual average index,CP00,All-items HICP,PL,Poland,2019,,104.8,,,
dataflow,ESTAT:TEC00027(1.0),HICP - all items - annual average indices,A,Annual,INX_A_AVG,Annual average index,CP00,All-items HICP,PL,Poland,2020,,108.6,,,
dataflow,ESTAT:TEC00027(1.0),HICP - all items - annual average indices,A,Annual,INX_A_AVG,Annual average index,CP00,All-items HICP,PL,Poland,2021,,114.3,,,
dataflow,ESTAT:TEC00027(1.0),HICP - all items - annual average indices,A,Annual,INX_A_AVG,Annual average index,CP00,All-items HICP,PL,Poland,2022,,129.4,,,
dataflow,ESTAT:TEC00027(1.0),HICP - all items - annual average indices,A,Annual,INX_A_AVG,Annual average index,CP00,All-items HICP,PT,Portugal,2011,,96.54,,,
dataflow,ESTAT:TEC00027(1.0),HICP - all items - annual average indices,A,Annual,INX_A_AVG,Annual average index,CP00,All-items HICP,PT,Portugal,2012,,99.22,,,
dataflow,ESTAT:TEC00027(1.0),HICP - all items - annual average indices,A,Annual,INX_A_AVG,Annual average index,CP00,All-items HICP,PT,Portugal,2013,,99.65,,,
dataflow,ESTAT:TEC00027(1.0),HICP - all items - annual average indices,A,Annual,INX_A_AVG,Annual average index,CP00,All-items HICP,PT,Portugal,2014,,99.50,,,
dataflow,ESTAT:TEC00027(1.0),HICP - all items - annual average indices,A,Annual,INX_A_AVG,Annual average index,CP00,All-items HICP,PT,Portugal,2015,,100.00,,,
dataflow,ESTAT:TEC00027(1.0),HICP - all items - annual average indices,A,Annual,INX_A_AVG,Annual average index,CP00,All-items HICP,PT,Portugal,2016,,100.64,,,
dataflow,ESTAT:TEC00027(1.0),HICP - all items - annual average indices,A,Annual,INX_A_AVG,Annual average index,CP00,All-items HICP,PT,Portugal,2017,,102.20,,,
dataflow,ESTAT:TEC00027(1.0),HICP - all items - annual average indices,A,Annual,INX_A_AVG,Annual average index,CP00,All-items HICP,PT,Portugal,2018,,103.40,,,
dataflow,ESTAT:TEC00027(1.0),HICP - all items - annual average indices,A,Annual,INX_A_AVG,Annual average index,CP00,All-items HICP,PT,Portugal,2019,,103.71,,,
dataflow,ESTAT:TEC00027(1.0),HICP - all items - annual average indices,A,Annual,INX_A_AVG,Annual average index,CP00,All-items HICP,PT,Portugal,2020,,103.58,,,
dataflow,ESTAT:TEC00027(1.0),HICP - all items - annual average indices,A,Annual,INX_A_AVG,Annual average index,CP00,All-items HICP,PT,Portugal,2021,,104.55,,,
dataflow,ESTAT:TEC00027(1.0),HICP - all items - annual average indices,A,Annual,INX_A_AVG,Annual average index,CP00,All-items HICP,PT,Portugal,2022,,113.03,,,
dataflow,ESTAT:TEC00027(1.0),HICP - all items - annual average indices,A,Annual,INX_A_AVG,Annual average index,CP00,All-items HICP,RO,Romania,2011,,92.84,,,
dataflow,ESTAT:TEC00027(1.0),HICP - all items - annual average indices,A,Annual,INX_A_AVG,Annual average index,CP00,All-items HICP,RO,Romania,2012,,95.98,,,
dataflow,ESTAT:TEC00027(1.0),HICP - all items - annual average indices,A,Annual,INX_A_AVG,Annual average index,CP00,All-items HICP,RO,Romania,2013,,99.04,,,
dataflow,ESTAT:TEC00027(1.0),HICP - all items - annual average indices,A,Annual,INX_A_AVG,Annual average index,CP00,All-items HICP,RO,Romania,2014,,100.41,,,
dataflow,ESTAT:TEC00027(1.0),HICP - all items - annual average indices,A,Annual,INX_A_AVG,Annual average index,CP00,All-items HICP,RO,Romania,2015,,100.00,,,
dataflow,ESTAT:TEC00027(1.0),HICP - all items - annual average indices,A,Annual,INX_A_AVG,Annual average index,CP00,All-items HICP,RO,Romania,2016,,98.93,,,
dataflow,ESTAT:TEC00027(1.0),HICP - all items - annual average indices,A,Annual,INX_A_AVG,Annual average index,CP00,All-items HICP,RO,Romania,2017,,100.00,,,
dataflow,ESTAT:TEC00027(1.0),HICP - all items - annual average indices,A,Annual,INX_A_AVG,Annual average index,CP00,All-items HICP,RO,Romania,2018,,104.08,,,
dataflow,ESTAT:TEC00027(1.0),HICP - all items - annual average indices,A,Annual,INX_A_AVG,Annual average index,CP00,All-items HICP,RO,Romania,2019,,108.15,,,
dataflow,ESTAT:TEC00027(1.0),HICP - all items - annual average indices,A,Annual,INX_A_AVG,Annual average index,CP00,All-items HICP,RO,Romania,2020,,110.67,,,
dataflow,ESTAT:TEC00027(1.0),HICP - all items - annual average indices,A,Annual,INX_A_AVG,Annual average index,CP00,All-items HICP,RO,Romania,2021,,115.21,,,
dataflow,ESTAT:TEC00027(1.0),HICP - all items - annual average indices,A,Annual,INX_A_AVG,Annual average index,CP00,All-items HICP,RO,Romania,2022,,129.06,,,
dataflow,ESTAT:TEC00027(1.0),HICP - all items - annual average indices,A,Annual,INX_A_AVG,Annual average index,CP00,All-items HICP,RS,Serbia,2011,,83.3,,d,definition differs (see metadata)
dataflow,ESTAT:TEC00027(1.0),HICP - all items - annual average indices,A,Annual,INX_A_AVG,Annual average index,CP00,All-items HICP,RS,Serbia,2012,,89.4,,d,definition differs (see metadata)
dataflow,ESTAT:TEC00027(1.0),HICP - all items - annual average indices,A,Annual,INX_A_AVG,Annual average index,CP00,All-items HICP,RS,Serbia,2013,,96.3,,d,definition differs (see metadata)
dataflow,ESTAT:TEC00027(1.0),HICP - all items - annual average indices,A,Annual,INX_A_AVG,Annual average index,CP00,All-items HICP,RS,Serbia,2014,,98.5,,d,definition differs (see metadata)
dataflow,ESTAT:TEC00027(1.0),HICP - all items - annual average indices,A,Annual,INX_A_AVG,Annual average index,CP00,All-items HICP,RS,Serbia,2015,,100.0,,d,definition differs (see metadata)
dataflow,ESTAT:TEC00027(1.0),HICP - all items - annual average indices,A,Annual,INX_A_AVG,Annual average index,CP00,All-items HICP,RS,Serbia,2016,,101.3,,d,definition differs (see metadata)
dataflow,ESTAT:TEC00027(1.0),HICP - all items - annual average indices,A,Annual,INX_A_AVG,Annual average index,CP00,All-items HICP,RS,Serbia,2017,,104.7,,d,definition differs (see metadata)
dataflow,ESTAT:TEC00027(1.0),HICP - all items - annual average indices,A,Annual,INX_A_AVG,Annual average index,CP00,All-items HICP,RS,Serbia,2018,,106.8,,d,definition differs (see metadata)
dataflow,ESTAT:TEC00027(1.0),HICP - all items - annual average indices,A,Annual,INX_A_AVG,Annual average index,CP00,All-items HICP,RS,Serbia,2019,,108.8,,d,definition differs (see metadata)
dataflow,ESTAT:TEC00027(1.0),HICP - all items - annual average indices,A,Annual,INX_A_AVG,Annual average index,CP00,All-items HICP,RS,Serbia,2020,,110.7,,d,definition differs (see metadata)
dataflow,ESTAT:TEC00027(1.0),HICP - all items - annual average indices,A,Annual,INX_A_AVG,Annual average index,CP00,All-items HICP,RS,Serbia,2021,,115.2,,d,definition differs (see metadata)
dataflow,ESTAT:TEC00027(1.0),HICP - all items - annual average indices,A,Annual,INX_A_AVG,Annual average index,CP00,All-items HICP,RS,Serbia,2022,,128.7,,d,definition differs (see metadata)
dataflow,ESTAT:TEC00027(1.0),HICP - all items - annual average indices,A,Annual,INX_A_AVG,Annual average index,CP00,All-items HICP,SE,Sweden,2011,,97.75,,,
dataflow,ESTAT:TEC00027(1.0),HICP - all items - annual average indices,A,Annual,INX_A_AVG,Annual average index,CP00,All-items HICP,SE,Sweden,2012,,98.66,,,
dataflow,ESTAT:TEC00027(1.0),HICP - all items - annual average indices,A,Annual,INX_A_AVG,Annual average index,CP00,All-items HICP,SE,Sweden,2013,,99.10,,,
dataflow,ESTAT:TEC00027(1.0),HICP - all items - annual average indices,A,Annual,INX_A_AVG,Annual average index,CP00,All-items HICP,SE,Sweden,2014,,99.30,,,
dataflow,ESTAT:TEC00027(1.0),HICP - all items - annual average indices,A,Annual,INX_A_AVG,Annual average index,CP00,All-items HICP,SE,Sweden,2015,,100.00,,,
dataflow,ESTAT:TEC00027(1.0),HICP - all items - annual average indices,A,Annual,INX_A_AVG,Annual average index,CP00,All-items HICP,SE,Sweden,2016,,101.14,,,
dataflow,ESTAT:TEC00027(1.0),HICP - all items - annual average indices,A,Annual,INX_A_AVG,Annual average index,CP00,All-items HICP,SE,Sweden,2017,,103.02,,,
dataflow,ESTAT:TEC00027(1.0),HICP - all items - annual average indices,A,Annual,INX_A_AVG,Annual average index,CP00,All-items HICP,SE,Sweden,2018,,105.12,,,
dataflow,ESTAT:TEC00027(1.0),HICP - all items - annual average indices,A,Annual,INX_A_AVG,Annual average index,CP00,All-items HICP,SE,Sweden,2019,,106.93,,,
dataflow,ESTAT:TEC00027(1.0),HICP - all items - annual average indices,A,Annual,INX_A_AVG,Annual average index,CP00,All-items HICP,SE,Sweden,2020,,107.63,,,
dataflow,ESTAT:TEC00027(1.0),HICP - all items - annual average indices,A,Annual,INX_A_AVG,Annual average index,CP00,All-items HICP,SE,Sweden,2021,,110.49,,,
dataflow,ESTAT:TEC00027(1.0),HICP - all items - annual average indices,A,Annual,INX_A_AVG,Annual average index,CP00,All-items HICP,SE,Sweden,2022,,119.39,,,
dataflow,ESTAT:TEC00027(1.0),HICP - all items - annual average indices,A,Annual,INX_A_AVG,Annual average index,CP00,All-items HICP,SI,Slovenia,2011,,95.81,,,
dataflow,ESTAT:TEC00027(1.0),HICP - all items - annual average indices,A,Annual,INX_A_AVG,Annual average index,CP00,All-items HICP,SI,Slovenia,2012,,98.50,,,
dataflow,ESTAT:TEC00027(1.0),HICP - all items - annual average indices,A,Annual,INX_A_AVG,Annual average index,CP00,All-items HICP,SI,Slovenia,2013,,100.40,,,
dataflow,ESTAT:TEC00027(1.0),HICP - all items - annual average indices,A,Annual,INX_A_AVG,Annual average index,CP00,All-items HICP,SI,Slovenia,2014,,100.77,,,
dataflow,ESTAT:TEC00027(1.0),HICP - all items - annual average indices,A,Annual,INX_A_AVG,Annual average index,CP00,All-items HICP,SI,Slovenia,2015,,100.00,,,
dataflow,ESTAT:TEC00027(1.0),HICP - all items - annual average indices,A,Annual,INX_A_AVG,Annual average index,CP00,All-items HICP,SI,Slovenia,2016,,99.85,,,
dataflow,ESTAT:TEC00027(1.0),HICP - all items - annual average indices,A,Annual,INX_A_AVG,Annual average index,CP00,All-items HICP,SI,Slovenia,2017,,101.40,,,
dataflow,ESTAT:TEC00027(1.0),HICP - all items - annual average indices,A,Annual,INX_A_AVG,Annual average index,CP00,All-items HICP,SI,Slovenia,2018,,103.36,,,
dataflow,ESTAT:TEC00027(1.0),HICP - all items - annual average indices,A,Annual,INX_A_AVG,Annual average index,CP00,All-items HICP,SI,Slovenia,2019,,105.11,,,
dataflow,ESTAT:TEC00027(1.0),HICP - all items - annual average indices,A,Annual,INX_A_AVG,Annual average index,CP00,All-items HICP,SI,Slovenia,2020,,104.82,,,
dataflow,ESTAT:TEC00027(1.0),HICP - all items - annual average indices,A,Annual,INX_A_AVG,Annual average index,CP00,All-items HICP,SI,Slovenia,2021,,106.97,,,
dataflow,ESTAT:TEC00027(1.0),HICP - all items - annual average indices,A,Annual,INX_A_AVG,Annual average index,CP00,All-items HICP,SI,Slovenia,2022,,116.94,,,
dataflow,ESTAT:TEC00027(1.0),HICP - all items - annual average indices,A,Annual,INX_A_AVG,Annual average index,CP00,All-items HICP,SK,Slovakia,2011,,95.43,,,
dataflow,ESTAT:TEC00027(1.0),HICP - all items - annual average indices,A,Annual,INX_A_AVG,Annual average index,CP00,All-items HICP,SK,Slovakia,2012,,99.00,,,
dataflow,ESTAT:TEC00027(1.0),HICP - all items - annual average indices,A,Annual,INX_A_AVG,Annual average index,CP00,All-items HICP,SK,Slovakia,2013,,100.45,,,
dataflow,ESTAT:TEC00027(1.0),HICP - all items - annual average indices,A,Annual,INX_A_AVG,Annual average index,CP00,All-items HICP,SK,Slovakia,2014,,100.35,,,
dataflow,ESTAT:TEC00027(1.0),HICP - all items - annual average indices,A,Annual,INX_A_AVG,Annual average index,CP00,All-items HICP,SK,Slovakia,2015,,100.00,,,
dataflow,ESTAT:TEC00027(1.0),HICP - all items - annual average indices,A,Annual,INX_A_AVG,Annual average index,CP00,All-items HICP,SK,Slovakia,2016,,99.52,,,
dataflow,ESTAT:TEC00027(1.0),HICP - all items - annual average indices,A,Annual,INX_A_AVG,Annual average index,CP00,All-items HICP,SK,Slovakia,2017,,100.90,,,
dataflow,ESTAT:TEC00027(1.0),HICP - all items - annual average indices,A,Annual,INX_A_AVG,Annual average index,CP00,All-items HICP,SK,Slovakia,2018,,103.46,,,
dataflow,ESTAT:TEC00027(1.0),HICP - all items - annual average indices,A,Annual,INX_A_AVG,Annual average index,CP00,All-items HICP,SK,Slovakia,2019,,106.33,,,
dataflow,ESTAT:TEC00027(1.0),HICP - all items - annual average indices,A,Annual,INX_A_AVG,Annual average index,CP00,All-items HICP,SK,Slovakia,2020,,108.47,,,
dataflow,ESTAT:TEC00027(1.0),HICP - all items - annual average indices,A,Annual,INX_A_AVG,Annual average index,CP00,All-items HICP,SK,Slovakia,2021,,111.53,,,
dataflow,ESTAT:TEC00027(1.0),HICP - all items - annual average indices,A,Annual,INX_A_AVG,Annual average index,CP00,All-items HICP,SK,Slovakia,2022,,125.05,,,
dataflow,ESTAT:TEC00027(1.0),HICP - all items - annual average indices,A,Annual,INX_A_AVG,Annual average index,CP00,All-items HICP,TR,Türkiye,2011,,72.79,,d,definition differs (see metadata)
dataflow,ESTAT:TEC00027(1.0),HICP - all items - annual average indices,A,Annual,INX_A_AVG,Annual average index,CP00,All-items HICP,TR,Türkiye,2012,,79.31,,d,definition differs (see metadata)
dataflow,ESTAT:TEC00027(1.0),HICP - all items - annual average indices,A,Annual,INX_A_AVG,Annual average index,CP00,All-items HICP,TR,Türkiye,2013,,85.22,,d,definition differs (see metadata)
dataflow,ESTAT:TEC00027(1.0),HICP - all items - annual average indices,A,Annual,INX_A_AVG,Annual average index,CP00,All-items HICP,TR,Türkiye,2014,,92.81,,d,definition differs (see metadata)
dataflow,ESTAT:TEC00027(1.0),HICP - all items - annual average indices,A,Annual,INX_A_AVG,Annual average index,CP00,All-items HICP,TR,Türkiye,2015,,100.00,,d,definition differs (see metadata)
dataflow,ESTAT:TEC00027(1.0),HICP - all items - annual average indices,A,Annual,INX_A_AVG,Annual average index,CP00,All-items HICP,TR,Türkiye,2016,,107.66,,d,definition differs (see metadata)
dataflow,ESTAT:TEC00027(1.0),HICP - all items - annual average indices,A,Annual,INX_A_AVG,Annual average index,CP00,All-items HICP,TR,Türkiye,2017,,119.63,,d,definition differs (see metadata)
dataflow,ESTAT:TEC00027(1.0),HICP - all items - annual average indices,A,Annual,INX_A_AVG,Annual average index,CP00,All-items HICP,TR,Türkiye,2018,,139.17,,d,definition differs (see metadata)
dataflow,ESTAT:TEC00027(1.0),HICP - all items - annual average indices,A,Annual,INX_A_AVG,Annual average index,CP00,All-items HICP,TR,Türkiye,2019,,160.30,,d,definition differs (see metadata)
dataflow,ESTAT:TEC00027(1.0),HICP - all items - annual average indices,A,Annual,INX_A_AVG,Annual average index,CP00,All-items HICP,TR,Türkiye,2020,,179.98,,d,definition differs (see metadata)
dataflow,ESTAT:TEC00027(1.0),HICP - all items - annual average indices,A,Annual,INX_A_AVG,Annual average index,CP00,All-items HICP,TR,Türkiye,2021,,215.24,,d,definition differs (see metadata)
dataflow,ESTAT:TEC00027(1.0),HICP - all items - annual average indices,A,Annual,INX_A_AVG,Annual average index,CP00,All-items HICP,TR,Türkiye,2022,,370.82,,d,definition differs (see metadata)
dataflow,ESTAT:TEC00027(1.0),HICP - all items - annual average indices,A,Annual,INX_A_AVG,Annual average index,CP00,All-items HICP,UK,United Kingdom,2011,,93.4,,,
dataflow,ESTAT:TEC00027(1.0),HICP - all items - annual average indices,A,Annual,INX_A_AVG,Annual average index,CP00,All-items HICP,UK,United Kingdom,2012,,96.1,,,
dataflow,ESTAT:TEC00027(1.0),HICP - all items - annual average indices,A,Annual,INX_A_AVG,Annual average index,CP00,All-items HICP,UK,United Kingdom,2013,,98.5,,,
dataflow,ESTAT:TEC00027(1.0),HICP - all items - annual average indices,A,Annual,INX_A_AVG,Annual average index,CP00,All-items HICP,UK,United Kingdom,2014,,100.0,,,
dataflow,ESTAT:TEC00027(1.0),HICP - all items - annual average indices,A,Annual,INX_A_AVG,Annual average index,CP00,All-items HICP,UK,United Kingdom,2015,,100.0,,,
dataflow,ESTAT:TEC00027(1.0),HICP - all items - annual average indices,A,Annual,INX_A_AVG,Annual average index,CP00,All-items HICP,UK,United Kingdom,2016,,100.7,,,
dataflow,ESTAT:TEC00027(1.0),HICP - all items - annual average indices,A,Annual,INX_A_AVG,Annual average index,CP00,All-items HICP,UK,United Kingdom,2017,,103.4,,,
dataflow,ESTAT:TEC00027(1.0),HICP - all items - annual average indices,A,Annual,INX_A_AVG,Annual average index,CP00,All-items HICP,UK,United Kingdom,2018,,105.9,,,
dataflow,ESTAT:TEC00027(1.0),HICP - all items - annual average indices,A,Annual,INX_A_AVG,Annual average index,CP00,All-items HICP,UK,United Kingdom,2019,,107.8,,,
dataflow,ESTAT:TEC00027(1.0),HICP - all items - annual average indices,A,Annual,INX_A_AVG,Annual average index,CP00,All-items HICP,US,United States,2011,,96.20,,d,definition differs (see metadata)
dataflow,ESTAT:TEC00027(1.0),HICP - all items - annual average indices,A,Annual,INX_A_AVG,Annual average index,CP00,All-items HICP,US,United States,2012,,98.23,,d,definition differs (see metadata)
dataflow,ESTAT:TEC00027(1.0),HICP - all items - annual average indices,A,Annual,INX_A_AVG,Annual average index,CP00,All-items HICP,US,United States,2013,,99.46,,d,definition differs (see metadata)
dataflow,ESTAT:TEC00027(1.0),HICP - all items - annual average indices,A,Annual,INX_A_AVG,Annual average index,CP00,All-items HICP,US,United States,2014,,100.76,,d,definition differs (see metadata)
dataflow,ESTAT:TEC00027(1.0),HICP - all items - annual average indices,A,Annual,INX_A_AVG,Annual average index,CP00,All-items HICP,US,United States,2015,,100.00,,d,definition differs (see metadata)
dataflow,ESTAT:TEC00027(1.0),HICP - all items - annual average indices,A,Annual,INX_A_AVG,Annual average index,CP00,All-items HICP,US,United States,2016,,100.57,,d,definition differs (see metadata)
dataflow,ESTAT:TEC00027(1.0),HICP - all items - annual average indices,A,Annual,INX_A_AVG,Annual average index,CP00,All-items HICP,US,United States,2017,,102.34,,d,definition differs (see metadata)
dataflow,ESTAT:TEC00027(1.0),HICP - all items - annual average indices,A,Annual,INX_A_AVG,Annual average index,CP00,All-items HICP,US,United States,2018,,104.55,,d,definition differs (see metadata)
dataflow,ESTAT:TEC00027(1.0),HICP - all items - annual average indices,A,Annual,INX_A_AVG,Annual average index,CP00,All-items HICP,US,United States,2019,,105.99,,d,definition differs (see metadata)
dataflow,ESTAT:TEC00027(1.0),HICP - all items - annual average indices,A,Annual,INX_A_AVG,Annual average index,CP00,All-items HICP,US,United States,2020,,106.80,,d,definition differs (see metadata)
dataflow,ESTAT:TEC00027(1.0),HICP - all items - annual average indices,A,Annual,INX_A_AVG,Annual average index,CP00,All-items HICP,US,United States,2021,,112.50,,d,definition differs (see metadata)
dataflow,ESTAT:TEC00027(1.0),HICP - all items - annual average indices,A,Annual,INX_A_AVG,Annual average index,CP00,All-items HICP,US,United States,2022,,122.27,,d,definition differs (see metadata)
dataflow,ESTAT:TEC00027(1.0),HICP - all items - annual average indices,A,Annual,INX_A_AVG,Annual average index,CP00,All-items HICP,XK,Kosovo (under United Nations Security Council Resolution 1244/99),2016,,100.27,,d,definition differs (see metadata)
dataflow,ESTAT:TEC00027(1.0),HICP - all items - annual average indices,A,Annual,INX_A_AVG,Annual average index,CP00,All-items HICP,XK,Kosovo (under United Nations Security Council Resolution 1244/99),2017,,101.77,,d,definition differs (see metadata)
dataflow,ESTAT:TEC00027(1.0),HICP - all items - annual average indices,A,Annual,INX_A_AVG,Annual average index,CP00,All-items HICP,XK,Kosovo (under United Nations Security Council Resolution 1244/99),2018,,102.84,,d,definition differs (see metadata)
dataflow,ESTAT:TEC00027(1.0),HICP - all items - annual average indices,A,Annual,INX_A_AVG,Annual average index,CP00,All-items HICP,XK,Kosovo (under United Nations Security Council Resolution 1244/99),2019,,105.59,,d,definition differs (see metadata)
dataflow,ESTAT:TEC00027(1.0),HICP - all items - annual average indices,A,Annual,INX_A_AVG,Annual average index,CP00,All-items HICP,XK,Kosovo (under United Nations Security Council Resolution 1244/99),2020,,105.80,,d,definition differs (see metadata)
dataflow,ESTAT:TEC00027(1.0),HICP - all items - annual average indices,A,Annual,INX_A_AVG,Annual average index,CP00,All-items HICP,XK,Kosovo (under United Nations Security Council Resolution 1244/99),2021,,109.35,,d,definition differs (see metadata)
dataflow,ESTAT:TEC00027(1.0),HICP - all items - annual average indices,A,Annual,INX_A_AVG,Annual average index,CP00,All-items HICP,XK,Kosovo (under United Nations Security Council Resolution 1244/99),2022,,122.01,,d,definition differs (see metadata)
