DATAFLOW,LAST UPDATE,freq,unit,coicop,geo,TIME_PERIOD,OBS_VALUE,OBS_FLAG
ESTAT:TEC00027(1.0),19/09/23 11:00:00,A:Annual,INX_A_AVG:Annual average index,CP00:All-items HICP,ALB,2016,101.51,d
ESTAT:TEC00027(1.0),19/09/23 11:00:00,A:Annual,INX_A_AVG:Annual average index,CP00:All-items HICP,ALB,2017,104.76,d
ESTAT:TEC00027(1.0),19/09/23 11:00:00,A:Annual,INX_A_AVG:Annual average index,CP00:All-items HICP,ALB,2018,106.59,d
ESTAT:TEC00027(1.0),19/09/23 11:00:00,A:Annual,INX_A_AVG:Annual average index,CP00:All-items HICP,ALB,2019,108.39,d
ESTAT:TEC00027(1.0),19/09/23 11:00:00,A:Annual,INX_A_AVG:Annual average index,CP00:All-items HICP,ALB,2020,110.74,d
ESTAT:TEC00027(1.0),19/09/23 11:00:00,A:Annual,INX_A_AVG:Annual average index,CP00:All-items HICP,ALB,2021,113.26,d
ESTAT:TEC00027(1.0),19/09/23 11:00:00,A:Annual,INX_A_AVG:Annual average index,CP00:All-items HICP,ALB,2022,120.69,d
ESTAT:TEC00027(1.0),19/09/23 11:00:00,A:Annual,INX_A_AVG:Annual average index,CP00:All-items HICP,AUT,2011,93.35,
ESTAT:TEC00027(1.0),19/09/23 11:00:00,A:Annual,INX_A_AVG:Annual average index,CP00:All-items HICP,AUT,2012,95.75,
ESTAT:TEC00027(1.0),19/09/23 11:00:00,A:Annual,INX_A_AVG:Annual average index,CP00:All-items HICP,AUT,2013,97.77,
ESTAT:TEC00027(1.0),19/09/23 11:00:00,A:Annual,INX_A_AVG:Annual average index,CP00:All-items HICP,AUT,2014,99.20,
ESTAT:TEC00027(1.0),19/09/23 11:00:00,A:Annual,INX_A_AVG:Annual average index,CP00:All-items HICP,AUT,2015,100.00,
ESTAT:TEC00027(1.0),19/09/23 11:00:00,A:Annual,INX_A_AVG:Annual average index,CP00:All-items HICP,AUT,2016,100.97,
ESTAT:TEC00027(1.0),19/09/23 11:00:00,A:Annual,INX_A_AVG:Annual average index,CP00:All-items HICP,AUT,2017,103.22,
ESTAT:TEC00027(1.0),19/09/23 11:00:00,A:Annual,INX_A_AVG:Annual average index,CP00:All-items HICP,AUT,2018,105.41,
ESTAT:TEC00027(1.0),19/09/23 11:00:00,A:Annual,INX_A_AVG:Annual average index,CP00:All-items HICP,AUT,2019,106.98,
ESTAT:TEC00027(1.0),19/09/23 11:00:00,A:Annual,INX_A_AVG:Annual average index,CP00:All-items HICP,AUT,2020,108.47,
ESTAT:TEC00027(1.0),19/09/23 11:00:00,A:Annual,INX_A_AVG:Annual average index,CP00:All-items HICP,AUT,2021,111.46,
ESTAT:TEC00027(1.0),19/09/23 11:00:00,A:Annual,INX_A_AVG:Annual average index,CP00:All-items HICP,AUT,2022,121.07,
ESTAT:TEC00027(1.0),19/09/23 11:00:00,A:Annual,INX_A_AVG:Annual average index,CP00:All-items HICP,BEL,2011,95.18,
ESTAT:TEC00027(1.0),19/09/23 11:00:00,A:Annual,INX_A_AVG:Annual average index,CP00:All-items HICP,BEL,2012,97.68,
ESTAT:TEC00027(1.0),19/09/23 11:00:00,A:Annual,INX_A_AVG:Annual average index,CP00:All-items HICP,BEL,2013,98.90,
ESTAT:TEC00027(1.0),19/09/23 11:00:00,A:Annual,INX_A_AVG:Annual average index,CP00:All-items HICP,BEL,2014,99.38,
ESTAT:TEC00027(1.0),19/09/23 11:00:00,A:Annual,INX_A_AVG:Annual average index,CP00:All-items HICP,BEL,2015,100.00,
ESTAT:TEC00027(1.0),19/09/23 11:00:00,A:Annual,INX_A_AVG:Annual average index,CP00:All-items HICP,BEL,2016,101.77,
ESTAT:TEC00027(1.0),19/09/23 11:00:00,A:Annual,INX_A_AVG:Annual average index,CP00:All-items HICP,BEL,2017,104.03,
ESTAT:TEC00027(1.0),19/09/23 11:00:00,A:Annual,INX_A_AVG:Annual average index,CP00:All-items HICP,BEL,2018,106.44,
ESTAT:TEC00027(1.0),19/09/23 11:00:00,A:Annual,INX_A_AVG:Annual average index,CP00:All-items HICP,BEL,2019,107.77,
ESTAT:TEC00027(1.0),19/09/23 11:00:00,A:Annual,INX_A_AVG:Annual average index,CP00:All-items HICP,BEL,2020,108.23,
ESTAT:TEC00027(1.0),19/09/23 11:00:00,A:Annual,INX_A_AVG:Annual average index,CP00:All-items HICP,BEL,2021,111.71,
ESTAT:TEC00027(1.0),19/09/23 11:00:00,A:Annual,INX_A_AVG:Annual average index,CP00:All-items HICP,BEL,2022,123.26,
ESTAT:TEC00027(1.0),19/09/23 11:00:00,A:Annual,INX_A_AVG:Annual average index,CP00:All-items HICP,BGR,2011,99.94,
ESTAT:TEC00027(1.0),19/09/23 11:00:00,A:Annual,INX_A_AVG:Annual average index,CP00:All-items HICP,BGR,2012,102.33,
ESTAT:TEC00027(1.0),19/09/23 11:00:00,A:Annual,INX_A_AVG:Annual average index,CP00:All-items HICP,BGR,2013,102.72,
ESTAT:TEC00027(1.0),19/09/23 11:00:00,A:Annual,INX_A_AVG:Annual average index,CP00:All-items HICP,BGR,2014,101.08,
ESTAT:TEC00027(1.0),19/09/23 11:00:00,A:Annual,INX_A_AVG:Annual average index,CP00:All-items HICP,BGR,2015,100.00,
ESTAT:TEC00027(1.0),19/09/23 11:00:00,A:Annual,INX_A_AVG:Annual average index,CP00:All-items HICP,BGR,2016,98.68,
ESTAT:TEC00027(1.0),19/09/23 11:00:00,A:Annual,INX_A_AVG:Annual average index,CP00:All-items HICP,BGR,2017,99.85,
ESTAT:TEC00027(1.0),19/09/23 11:00:00,A:Annual,INX_A_AVG:Annual average index,CP00:All-items HICP,BGR,2018,102.48,
ESTAT:TEC00027(1.0),19/09/23 11:00:00,A:Annual,INX_A_AVG:Annual average index,CP00:All-items HICP,BGR,2019,104.99,
ESTAT:TEC00027(1.0),19/09/23 11:00:00,A:Annual,INX_A_AVG:Annual average index,CP00:All-items HICP,BGR,2020,106.27,
ESTAT:TEC00027(1.0),19/09/23 11:00:00,A:Annual,INX_A_AVG:Annual average index,CP00:All-items HICP,BGR,2021,109.30,
ESTAT:TEC00027(1.0),19/09/23 11:00:00,A:Annual,INX_A_AVG:Annual average index,CP00:All-items HICP,BGR,2022,123.52,
ESTAT:TEC00027(1.0),19/09/23 11:00:00,A:Annual,INX_A_AVG:Annual average index,CP00:All-items HICP,CH,2011,101.49,
ESTAT:TEC00027(1.0),19/09/23 11:00:00,A:Annual,INX_A_AVG:Annual average index,CP00:All-items HICP,CH,2012,100.76,
ESTAT:TEC00027(1.0),19/09/23 11:00:00,A:Annual,INX_A_AVG:Annual average index,CP00:All-items HICP,CH,2013,100.83,
ESTAT:TEC00027(1.0),19/09/23 11:00:00,A:Annual,INX_A_AVG:Annual average index,CP00:All-items HICP,CH,2014,100.84,
ESTAT:TEC00027(1.0),19/09/23 11:00:00,A:Annual,INX_A_AVG:Annual average index,CP00:All-items HICP,CH,2015,100.00,
ESTAT:TEC00027(1.0),19/09/23 11:00:00,A:Annual,INX_A_AVG:Annual average index,CP00:All-items HICP,CH,2016,99.47,
ESTAT:TEC00027(1.0),19/09/23 11:00:00,A:Annual,INX_A_AVG:Annual average index,CP00:All-items HICP,CH,2017,100.11,
ESTAT:TEC00027(1.0),19/09/23 11:00:00,A:Annual,INX_A_AVG:Annual average index,CP00:All-items HICP,CH,2018,101.03,
ESTAT:TEC00027(1.0),19/09/23 11:00:00,A:Annual,INX_A_AVG:Annual average index,CP00:All-items HICP,CH,2019,101.41,
ESTAT:TEC00027(1.0),19/09/23 11:00:00,A:Annual,INX_A_AVG:Annual average index,CP00:All-items HICP,CH,2020,100.56,
ESTAT:TEC00027(1.0),19/09/23 11:00:00,A:Annual,INX_A_AVG:Annual average index,CP00:All-items HICP,CH,2021,101.04,
ESTAT:TEC00027(1.0),19/09/23 11:00:00,A:Annual,INX_A_AVG:Annual average index,CP00:All-items HICP,CH,2022,103.74,
ESTAT:TEC00027(1.0),19/09/23 11:00:00,A:Annual,INX_A_AVG:Annual average index,CP00:All-items HICP,CY,2011,98.40,
ESTAT:TEC00027(1.0),19/09/23 11:00:00,A:Annual,INX_A_AVG:Annual average index,CP00:All-items HICP,CY,2012,101.45,
ESTAT:TEC00027(1.0),19/09/23 11:00:00,A:Annual,INX_A_AVG:Annual average index,CP00:All-items HICP,CY,2013,101.84,
ESTAT:TEC00027(1.0),19/09/23 11:00:00,A:Annual,INX_A_AVG:Annual average index,CP00:All-items HICP,CY,2014,101.57,
ESTAT:TEC00027(1.0),19/09/23 11:00:00,A:Annual,INX_A_AVG:Annual average index,CP00:All-items HICP,CY,2015,100.00,
ESTAT:TEC00027(1.0),19/09/23 11:00:00,A:Annual,INX_A_AVG:Annual average index,CP00:All-items HICP,CY,2016,98.78,
ESTAT:TEC00027(1.0),19/09/23 11:00:00,A:Annual,INX_A_AVG:Annual average index,CP00:All-items HICP,CY,2017,99.45,
ESTAT:TEC00027(1.0),19/09/23 11:00:00,A:Annual,INX_A_AVG:Annual average index,CP00:All-items HICP,CY,2018,100.23,
ESTAT:TEC00027(1.0),19/09/23 11:00:00,A:Annual,INX_A_AVG:Annual average index,CP00:All-items HICP,CY,2019,100.78,
ESTAT:TEC00027(1.0),19/09/23 11:00:00,A:Annual,INX_A_AVG:Annual average index,CP00:All-items HICP,CY,2020,99.67,
ESTAT:TEC00027(1.0),19/09/23 11:00:00,A:Annual,INX_A_AVG:Annual average index,CP00:All-items HICP,CY,2021,101.92,
ESTAT:TEC00027(1.0),19/09/23 11:00:00,A:Annual,INX_A_AVG:Annual average index,CP00:All-items HICP,CY,2022,110.17,
ESTAT:TEC00027(1.0),19/09/23 11:00:00,A:Annual,INX_A_AVG:Annual average index,CP00:All-items HICP,CZ,2011,94.6,
ESTAT:TEC00027(1.0),19/09/23 11:00:00,A:Annual,INX_A_AVG:Annual average index,CP00:All-items HICP,CZ,2012,98.0,
ESTAT:TEC00027(1.0),19/09/23 11:00:00,A:Annual,INX_A_AVG:Annual average index,CP00:All-items HICP,CZ,2013,99.3,
ESTAT:TEC00027(1.0),19/09/23 11:00:00,A:Annual,INX_A_AVG:Annual average index,CP00:All-items HICP,CZ,2014,99.8,
ESTAT:TEC00027(1.0),19/09/23 11:00:00,A:Annual,INX_A_AVG:Annual average index,CP00:All-items HICP,CZ,2015,100.0,
ESTAT:TEC00027(1.0),19/09/23 11:00:00,A:Annual,INX_A_AVG:Annual average index,CP00:All-items HICP,CZ,2016,100.7,
ESTAT:TEC00027(1.0),19/09/23 11:00:00,A:Annual,INX_A_AVG:Annual average index,CP00:All-items HICP,CZ,2017,103.1,
ESTAT:TEC00027(1.0),19/09/23 11:00:00,A:Annual,INX_A_AVG:Annual average index,CP00:All-items HICP,CZ,2018,105.1,
ESTAT:TEC00027(1.0),19/09/23 11:00:00,A:Annual,INX_A_AVG:Annual average index,CP00:All-items HICP,CZ,2019,107.8,
ESTAT:TEC00027(1.0),19/09/23 11:00:00,A:Annual,INX_A_AVG:Annual average index,CP00:All-items HICP,CZ,2020,111.4,
ESTAT:TEC00027(1.0),19/09/23 11:00:00,A:Annual,INX_A_AVG:Annual average index,CP00:All-items HICP,CZ,2021,115.1,
ESTAT:TEC00027(1.0),19/09/23 11:00:00,A:Annual,INX_A_AVG:Annual average index,CP00:All-items HICP,CZ,2022,132.1,
ESTAT:TEC00027(1.0),19/09/23 11:00:00,A:Annual,INX_A_AVG:Annual average index,CP00:All-items HICP,DEU,2011,95.0,
ESTAT:TEC00027(1.0),19/09/23 11:00:00,A:Annual,INX_A_AVG:Annual average index,CP00:All-items HICP,DEU,2012,97.0,
ESTAT:TEC00027(1.0),19/09/23 11:00:00,A:Annual,INX_A_AVG:Annual average index,CP00:All-items HICP,DEU,2013,98.6,
ESTAT:TEC00027(1.0),19/09/23 11:00:00,A:Annual,INX_A_AVG:Annual average index,CP00:All-items HICP,DEU,2014,99.3,
ESTAT:TEC00027(1.0),19/09/23 11:00:00,A:Annual,INX_A_AVG:Annual average index,CP00:All-items HICP,DEU,2015,100.0,
ESTAT:TEC00027(1.0),19/09/23 11:00:00,A:Annual,INX_A_AVG:Annual average index,CP00:All-items HICP,DEU,2016,100.4,
ESTAT:TEC00027(1.0),19/09/23 11:00:00,A:Annual,INX_A_AVG:Annual average index,CP00:All-items HICP,DEU,2017,102.1,
ESTAT:TEC00027(1.0),19/09/23 11:00:00,A:Annual,INX_A_AVG:Annual average index,CP00:All-items HICP,DEU,2018,104.0,
ESTAT:TEC00027(1.0),19/09/23 11:00:00,A:Annual,INX_A_AVG:Annual average index,CP00:All-items HICP,DEU,2019,105.5,
ESTAT:TEC00027(1.0),19/09/23 11:00:00,A:Annual,INX_A_AVG:Annual average index,CP00:All-items HICP,DEU,2020,105.8,
ESTAT:TEC00027(1.0),19/09/23 11:00:00,A:Annual,INX_A_AVG:Annual average index,CP00:All-items HICP,DEU,2021,109.2,
ESTAT:TEC00027(1.0),19/09/23 11:00:00,A:Annual,INX_A_AVG:Annual average index,CP00:All-items HICP,DEU,2022,118.7,
ESTAT:TEC00027(1.0),19/09/23 11:00:00,A:Annual,INX_A_AVG:Annual average index,CP00:All-items HICP,DK,2011,96.6,
ESTAT:TEC00027(1.0),19/09/23 11:00:00,A:Annual,INX_A_AVG:Annual average index,CP00:All-items HICP,DK,2012,98.9,
ESTAT:TEC00027(1.0),19/09/23 11:00:00,A:Annual,INX_A_AVG:Annual average index,CP00:All-items HICP,DK,2013,99.4,
ESTAT:TEC00027(1.0),19/09/23 11:00:00,A:Annual,INX_A_AVG:Annual average index,CP00:All-items HICP,DK,2014,99.8,
ESTAT:TEC00027(1.0),19/09/23 11:00:00,A:Annual,INX_A_AVG:Annual average index,CP00:All-items HICP,DK,2015,100.0,
ESTAT:TEC00027(1.0),19/09/23 11:00:00,A:Annual,INX_A_AVG:Annual average index,CP00:All-items HICP,DK,2016,100.0,
ESTAT:TEC00027(1.0),19/09/23 11:00:00,A:Annual,INX_A_AVG:Annual average index,CP00:All-items HICP,DK,2017,101.1,
ESTAT:TEC00027(1.0),19/09/23 11:00:00,A:Annual,INX_A_AVG:Annual average index,CP00:All-items HICP,DK,2018,101.8,
ESTAT:TEC00027(1.0),19/09/23 11:00:00,A:Annual,INX_A_AVG:Annual average index,CP00:All-items HICP,DK,2019,102.5,
ESTAT:TEC00027(1.0),19/09/23 11:00:00,A:Annual,INX_A_AVG:Annual average index,CP00:All-items HICP,DK,2020,102.9,
ESTAT:TEC00027(1.0),19/09/23 11:00:00,A:Annual,INX_A_AVG:Annual average index,CP00:All-items HICP,DK,2021,104.9,
ESTAT:TEC00027(1.0),19/09/23 11:00:00,A:Annual,INX_A_AVG:Annual average index,CP00:All-items HICP,DK,2022,113.8,
ESTAT:TEC00027(1.0),19/09/23 11:00:00,A:Annual,INX_A_AVG:Annual average index,CP00:All-items HICP,EA19:Euro area - 19 countries  (2015-2022),2011,95.67,
ESTAT:TEC00027(1.0),19/09/23 11:00:00,A:Annual,INX_A_AVG:Annual average index,CP00:All-items HICP,EA19:Euro area - 19 countries  (2015-2022),2012,98.06,
ESTAT:TEC00027(1.0),19/09/23 11:00:00,A:Annual,INX_A_AVG:Annual average index,CP00:All-items HICP,EA19:Euro area - 19 countries  (2015-2022),2013,99.38,
ESTAT:TEC00027(1.0),19/09/23 11:00:00,A:Annual,INX_A_AVG:Annual average index,CP00:All-items HICP,EA19:Euro area - 19 countries  (2015-2022),2014,99.81,
ESTAT:TEC00027(1.0),19/09/23 11:00:00,A:Annual,INX_A_AVG:Annual average index,CP00:All-items HICP,EA19:Euro area - 19 countries  (2015-2022),2015,100.00,
ESTAT:TEC00027(1.0),19/09/23 11:00:00,A:Annual,INX_A_AVG:Annual average index,CP00:All-items HICP,EA19:Euro area - 19 countries  (2015-2022),2016,100.23,
ESTAT:TEC00027(1.0),19/09/23 11:00:00,A:Annual,INX_A_AVG:Annual average index,CP00:All-items HICP,EA19:Euro area - 19 countries  (2015-2022),2017,101.78,
ESTAT:TEC00027(1.0),19/09/23 11:00:00,A:Annual,INX_A_AVG:Annual average index,CP00:All-items HICP,EA19:Euro area - 19 countries  (2015-2022),2018,103.56,
ESTAT:TEC00027(1.0),19/09/23 11:00:00,A:Annual,INX_A_AVG:Annual average index,CP00:All-items HICP,EA19:Euro area - 19 countries  (2015-2022),2019,104.80,
ESTAT:TEC00027(1.0),19/09/23 11:00:00,A:Annual,INX_A_AVG:Annual average index,CP00:All-items HICP,EA19:Euro area - 19 countries  (2015-2022),2020,105.06,
ESTAT:TEC00027(1.0),19/09/23 11:00:00,A:Annual,INX_A_AVG:Annual average index,CP00:All-items HICP,EA19:Euro area - 19 countries  (2015-2022),2021,107.78,
ESTAT:TEC00027(1.0),19/09/23 11:00:00,A:Annual,INX_A_AVG:Annual average index,CP00:All-items HICP,EA19:Euro area - 19 countries  (2015-2022),2022,116.82,
ESTAT:TEC00027(1.0),19/09/23 11:00:00,A:Annual,INX_A_AVG:Annual average index,CP00:All-items HICP,EA20:Euro area – 20 countries (from 2023),2011,95.66,
ESTAT:TEC00027(1.0),19/09/23 11:00:00,A:Annual,INX_A_AVG:Annual average index,CP00:All-items HICP,EA20:Euro area – 20 countries (from 2023),2012,98.06,
ESTAT:TEC00027(1.0),19/09/23 11:00:00,A:Annual,INX_A_AVG:Annual average index,CP00:All-items HICP,EA20:Euro area – 20 countries (from 2023),2013,99.39,
ESTAT:TEC00027(1.0),19/09/23 11:00:00,A:Annual,INX_A_AVG:Annual average index,CP00:All-items HICP,EA20:Euro area – 20 countries (from 2023),2014,99.81,
ESTAT:TEC00027(1.0),19/09/23 11:00:00,A:Annual,INX_A_AVG:Annual average index,CP00:All-items HICP,EA20:Euro area – 20 countries (from 2023),2015,100.00,
ESTAT:TEC00027(1.0),19/09/23 11:00:00,A:Annual,INX_A_AVG:Annual average index,CP00:All-items HICP,EA20:Euro area – 20 countries (from 2023),2016,100.23,
ESTAT:TEC00027(1.0),19/09/23 11:00:00,A:Annual,INX_A_AVG:Annual average index,CP00:All-items HICP,EA20:Euro area – 20 countries (from 2023),2017,101.77,
ESTAT:TEC00027(1.0),19/09/23 11:00:00,A:Annual,INX_A_AVG:Annual average index,CP00:All-items HICP,EA20:Euro area – 20 countries (from 2023),2018,103.55,
ESTAT:TEC00027(1.0),19/09/23 11:00:00,A:Annual,INX_A_AVG:Annual average index,CP00:All-items HICP,EA20:Euro area – 20 countries (from 2023),2019,104.79,
ESTAT:TEC00027(1.0),19/09/23 11:00:00,A:Annual,INX_A_AVG:Annual average index,CP00:All-items HICP,EA20:Euro area – 20 countries (from 2023),2020,105.05,
ESTAT:TEC00027(1.0),19/09/23 11:00:00,A:Annual,INX_A_AVG:Annual average index,CP00:All-items HICP,EA20:Euro area – 20 countries (from 2023),2021,107.77,
ESTAT:TEC00027(1.0),19/09/23 11:00:00,A:Annual,INX_A_AVG:Annual average index,CP00:All-items HICP,EA20:Euro area – 20 countries (from 2023),2022,116.83,
ESTAT:TEC00027(1.0),19/09/23 11:00:00,A:Annual,INX_A_AVG:Annual average index,CP00:All-items HICP,EE,2011,92.43,
ESTAT:TEC00027(1.0),19/09/23 11:00:00,A:Annual,INX_A_AVG:Annual average index,CP00:All-items HICP,EE,2012,96.33,
ESTAT:TEC00027(1.0),19/09/23 11:00:00,A:Annual,INX_A_AVG:Annual average index,CP00:All-items HICP,EE,2013,99.46,
ESTAT:TEC00027(1.0),19/09/23 11:00:00,A:Annual,INX_A_AVG:Annual average index,CP00:All-items HICP,EE,2014,99.93,
ESTAT:TEC00027(1.0),19/09/23 11:00:00,A:Annual,INX_A_AVG:Annual average index,CP00:All-items HICP,EE,2015,100.00,
ESTAT:TEC00027(1.0),19/09/23 11:00:00,A:Annual,INX_A_AVG:Annual average index,CP00:All-items HICP,EE,2016,100.80,
ESTAT:TEC00027(1.0),19/09/23 11:00:00,A:Annual,INX_A_AVG:Annual average index,CP00:All-items HICP,EE,2017,104.48,
ESTAT:TEC00027(1.0),19/09/23 11:00:00,A:Annual,INX_A_AVG:Annual average index,CP00:All-items HICP,EE,2018,108.05,
ESTAT:TEC00027(1.0),19/09/23 11:00:00,A:Annual,INX_A_AVG:Annual average index,CP00:All-items HICP,EE,2019,110.50,
ESTAT:TEC00027(1.0),19/09/23 11:00:00,A:Annual,INX_A_AVG:Annual average index,CP00:All-items HICP,EE,2020,109.80,
ESTAT:TEC00027(1.0),19/09/23 11:00:00,A:Annual,INX_A_AVG:Annual average index,CP00:All-items HICP,EE,2021,114.72,
ESTAT:TEC00027(1.0),19/09/23 11:00:00,A:Annual,INX_A_AVG:Annual average index,CP00:All-items HICP,EE,2022,137.03,
ESTAT:TEC00027(1.0),19/09/23 11:00:00,A:Annual,INX_A_AVG:Annual average index,CP00:All-items HICP,EL,2011,102.36,
ESTAT:TEC00027(1.0),19/09/23 11:00:00,A:Annual,INX_A_AVG:Annual average index,CP00:All-items HICP,GRC,2012,103.42,
ESTAT:TEC00027(1.0),19/09/23 11:00:00,A:Annual,INX_A_AVG:Annual average index,CP00:All-items HICP,GRC,2013,102.54,
ESTAT:TEC00027(1.0),19/09/23 11:00:00,A:Annual,INX_A_AVG:Annual average index,CP00:All-items HICP,GRC,2014,101.11,
ESTAT:TEC00027(1.0),19/09/23 11:00:00,A:Annual,INX_A_AVG:Annual average index,CP00:All-items HICP,GRC,2015,100.00,
ESTAT:TEC00027(1.0),19/09/23 11:00:00,A:Annual,INX_A_AVG:Annual average index,CP00:All-items HICP,GRC,2016,100.02,
ESTAT:TEC00027(1.0),19/09/23 11:00:00,A:Annual,INX_A_AVG:Annual average index,CP00:All-items HICP,GRC,2017,101.15,
ESTAT:TEC00027(1.0),19/09/23 11:00:00,A:Annual,INX_A_AVG:Annual average index,CP00:All-items HICP,GRC,2018,101.94,
ESTAT:TEC00027(1.0),19/09/23 11:00:00,A:Annual,INX_A_AVG:Annual average index,CP00:All-items HICP,GRC,2019,102.46,
ESTAT:TEC00027(1.0),19/09/23 11:00:00,A:Annual,INX_A_AVG:Annual average index,CP00:All-items HICP,GRC,2020,101.17,
ESTAT:TEC00027(1.0),19/09/23 11:00:00,A:Annual,INX_A_AVG:Annual average index,CP00:All-items HICP,GRC,2021,101.75,
ESTAT:TEC00027(1.0),19/09/23 11:00:00,A:Annual,INX_A_AVG:Annual average index,CP00:All-items HICP,GRC,2022,111.21,
ESTAT:TEC00027(1.0),19/09/23 11:00:00,A:Annual,INX_A_AVG:Annual average index,CP00:All-items HICP,ESP,2011,96.94,
ESTAT:TEC00027(1.0),19/09/23 11:00:00,A:Annual,INX_A_AVG:Annual average index,CP00:All-items HICP,ESP,2012,99.31,
ESTAT:TEC00027(1.0),19/09/23 11:00:00,A:Annual,INX_A_AVG:Annual average index,CP00:All-items HICP,ESP,2013,100.83,
ESTAT:TEC00027(1.0),19/09/23 11:00:00,A:Annual,INX_A_AVG:Annual average index,CP00:All-items HICP,ESP,2014,100.63,
ESTAT:TEC00027(1.0),19/09/23 11:00:00,A:Annual,INX_A_AVG:Annual average index,CP00:All-items HICP,ESP,2015,100.00,
ESTAT:TEC00027(1.0),19/09/23 11:00:00,A:Annual,INX_A_AVG:Annual average index,CP00:All-items HICP,ESP,2016,99.66,
ESTAT:TEC00027(1.0),19/09/23 11:00:00,A:Annual,INX_A_AVG:Annual average index,CP00:All-items HICP,ESP,2017,101.69,
ESTAT:TEC00027(1.0),19/09/23 11:00:00,A:Annual,INX_A_AVG:Annual average index,CP00:All-items HICP,ESP,2018,103.46,
ESTAT:TEC00027(1.0),19/09/23 11:00:00,A:Annual,INX_A_AVG:Annual average index,CP00:All-items HICP,ESP,2019,104.26,
ESTAT:TEC00027(1.0),19/09/23 11:00:00,A:Annual,INX_A_AVG:Annual average index,CP00:All-items HICP,ESP,2020,103.91,
ESTAT:TEC00027(1.0),19/09/23 11:00:00,A:Annual,INX_A_AVG:Annual average index,CP00:All-items HICP,ESP,2021,107.04,
ESTAT:TEC00027(1.0),19/09/23 11:00:00,A:Annual,INX_A_AVG:Annual average index,CP00:All-items HICP,ESP,2022,115.95,
ESTAT:TEC00027(1.0),19/09/23 11:00:00,A:Annual,INX_A_AVG:Annual average index,CP00:All-items HICP,EU27_2020:European Union - 27 countries (from 2020),2011,95.69,
ESTAT:TEC00027(1.0),19/09/23 11:00:00,A:Annual,INX_A_AVG:Annual average index,CP00:All-items HICP,EU27_2020:European Union - 27 countries (from 2020),2012,98.19,
ESTAT:TEC00027(1.0),19/09/23 11:00:00,A:Annual,INX_A_AVG:Annual average index,CP00:All-items HICP,EU27_2020:European Union - 27 countries (from 2020),2013,99.49,
ESTAT:TEC00027(1.0),19/09/23 11:00:00,A:Annual,INX_A_AVG:Annual average index,CP00:All-items HICP,EU27_2020:European Union - 27 countries (from 2020),2014,99.89,
ESTAT:TEC00027(1.0),19/09/23 11:00:00,A:Annual,INX_A_AVG:Annual average index,CP00:All-items HICP,EU27_2020:European Union - 27 countries (from 2020),2015,100.00,
ESTAT:TEC00027(1.0),19/09/23 11:00:00,A:Annual,INX_A_AVG:Annual average index,CP00:All-items HICP,EU27_2020:European Union - 27 countries (from 2020),2016,100.18,
ESTAT:TEC00027(1.0),19/09/23 11:00:00,A:Annual,INX_A_AVG:Annual average index,CP00:All-items HICP,EU27_2020:European Union - 27 countries (from 2020),2017,101.74,
ESTAT:TEC00027(1.0),19/09/23 11:00:00,A:Annual,INX_A_AVG:Annual average index,CP00:All-items HICP,EU27_2020:European Union - 27 countries (from 2020),2018,103.57,
ESTAT:TEC00027(1.0),19/09/23 11:00:00,A:Annual,INX_A_AVG:Annual average index,CP00:All-items HICP,EU27_2020:European Union - 27 countries (from 2020),2019,105.04,
ESTAT:TEC00027(1.0),19/09/23 11:00:00,A:Annual,INX_A_AVG:Annual average index,CP00:All-items HICP,EU27_2020:European Union - 27 countries (from 2020),2020,105.76,
ESTAT:TEC00027(1.0),19/09/23 11:00:00,A:Annual,INX_A_AVG:Annual average index,CP00:All-items HICP,EU27_2020:European Union - 27 countries (from 2020),2021,108.82,
ESTAT:TEC00027(1.0),19/09/23 11:00:00,A:Annual,INX_A_AVG:Annual average index,CP00:All-items HICP,EU27_2020:European Union - 27 countries (from 2020),2022,118.82,
ESTAT:TEC00027(1.0),19/09/23 11:00:00,A:Annual,INX_A_AVG:Annual average index,CP00:All-items HICP,FIN,2011,93.85,
ESTAT:TEC00027(1.0),19/09/23 11:00:00,A:Annual,INX_A_AVG:Annual average index,CP00:All-items HICP,FIN,2012,96.81,
ESTAT:TEC00027(1.0),19/09/23 11:00:00,A:Annual,INX_A_AVG:Annual average index,CP00:All-items HICP,FIN,2013,98.96,
ESTAT:TEC00027(1.0),19/09/23 11:00:00,A:Annual,INX_A_AVG:Annual average index,CP00:All-items HICP,FIN,2014,100.16,
ESTAT:TEC00027(1.0),19/09/23 11:00:00,A:Annual,INX_A_AVG:Annual average index,CP00:All-items HICP,FIN,2015,100.00,
ESTAT:TEC00027(1.0),19/09/23 11:00:00,A:Annual,INX_A_AVG:Annual average index,CP00:All-items HICP,FIN,2016,100.39,
ESTAT:TEC00027(1.0),19/09/23 11:00:00,A:Annual,INX_A_AVG:Annual average index,CP00:All-items HICP,FIN,2017,101.23,
ESTAT:TEC00027(1.0),19/09/23 11:00:00,A:Annual,INX_A_AVG:Annual average index,CP00:All-items HICP,FIN,2018,102.42,
ESTAT:TEC00027(1.0),19/09/23 11:00:00,A:Annual,INX_A_AVG:Annual average index,CP00:All-items HICP,FIN,2019,103.58,
ESTAT:TEC00027(1.0),19/09/23 11:00:00,A:Annual,INX_A_AVG:Annual average index,CP00:All-items HICP,FIN,2020,103.98,
ESTAT:TEC00027(1.0),19/09/23 11:00:00,A:Annual,INX_A_AVG:Annual average index,CP00:All-items HICP,FIN,2021,106.12,
ESTAT:TEC00027(1.0),19/09/23 11:00:00,A:Annual,INX_A_AVG:Annual average index,CP00:All-items HICP,FIN,2022,113.74,
ESTAT:TEC00027(1.0),19/09/23 11:00:00,A:Annual,INX_A_AVG:Annual average index,CP00:All-items HICP,FRA,2011,96.20,
ESTAT:TEC00027(1.0),19/09/23 11:00:00,A:Annual,INX_A_AVG:Annual average index,CP00:All-items HICP,FRA,2012,98.33,
ESTAT:TEC00027(1.0),19/09/23 11:00:00,A:Annual,INX_A_AVG:Annual average index,CP00:All-items HICP,FRA,2013,99.31,
ESTAT:TEC00027(1.0),19/09/23 11:00:00,A:Annual,INX_A_AVG:Annual average index,CP00:All-items HICP,FRA,2014,99.91,
ESTAT:TEC00027(1.0),19/09/23 11:00:00,A:Annual,INX_A_AVG:Annual average index,CP00:All-items HICP,FRA,2015,100.00,
ESTAT:TEC00027(1.0),19/09/23 11:00:00,A:Annual,INX_A_AVG:Annual average index,CP00:All-items HICP,FRA,2016,100.31,
ESTAT:TEC00027(1.0),19/09/23 11:00:00,A:Annual,INX_A_AVG:Annual average index,CP00:All-items HICP,FRA,2017,101.47,
ESTAT:TEC00027(1.0),19/09/23 11:00:00,A:Annual,INX_A_AVG:Annual average index,CP00:All-items HICP,FRA,2018,103.60,
ESTAT:TEC00027(1.0),19/09/23 11:00:00,A:Annual,INX_A_AVG:Annual average index,CP00:All-items HICP,FRA,2019,104.95,
ESTAT:TEC00027(1.0),19/09/23 11:00:00,A:Annual,INX_A_AVG:Annual average index,CP00:All-items HICP,FRA,2020,105.50,
ESTAT:TEC00027(1.0),19/09/23 11:00:00,A:Annual,INX_A_AVG:Annual average index,CP00:All-items HICP,FRA,2021,107.68,
ESTAT:TEC00027(1.0),19/09/23 11:00:00,A:Annual,INX_A_AVG:Annual average index,CP00:All-items HICP,FRA,2022,114.04,
ESTAT:TEC00027(1.0),19/09/23 11:00:00,A:Annual,INX_A_AVG:Annual average index,CP00:All-items HICP,HRV,2011,94.59,
ESTAT:TEC00027(1.0),19/09/23 11:00:00,A:Annual,INX_A_AVG:Annual average index,CP00:All-items HICP,HRV,2012,97.76,
ESTAT:TEC00027(1.0),19/09/23 11:00:00,A:Annual,INX_A_AVG:Annual average index,CP00:All-items HICP,HRV,2013,100.04,
ESTAT:TEC00027(1.0),19/09/23 11:00:00,A:Annual,INX_A_AVG:Annual average index,CP00:All-items HICP,HRV,2014,100.26,
ESTAT:TEC00027(1.0),19/09/23 11:00:00,A:Annual,INX_A_AVG:Annual average index,CP00:All-items HICP,HRV,2015,100.00,
ESTAT:TEC00027(1.0),19/09/23 11:00:00,A:Annual,INX_A_AVG:Annual average index,CP00:All-items HICP,HRV,2016,99.37,
ESTAT:TEC00027(1.0),19/09/23 11:00:00,A:Annual,INX_A_AVG:Annual average index,CP00:All-items HICP,HRV,2017,100.67,
ESTAT:TEC00027(1.0),19/09/23 11:00:00,A:Annual,INX_A_AVG:Annual average index,CP00:All-items HICP,HRV,2018,102.23,
ESTAT:TEC00027(1.0),19/09/23 11:00:00,A:Annual,INX_A_AVG:Annual average index,CP00:All-items HICP,HRV,2019,103.04,
ESTAT:TEC00027(1.0),19/09/23 11:00:00,A:Annual,INX_A_AVG:Annual average index,CP00:All-items HICP,HRV,2020,103.06,
ESTAT:TEC00027(1.0),19/09/23 11:00:00,A:Annual,INX_A_AVG:Annual average index,CP00:All-items HICP,HRV,2021,105.82,
ESTAT:TEC00027(1.0),19/09/23 11:00:00,A:Annual,INX_A_AVG:Annual average index,CP00:All-items HICP,HRV,2022,117.11,
ESTAT:TEC00027(1.0),19/09/23 11:00:00,A:Annual,INX_A_AVG:Annual average index,CP00:All-items HICP,HUN,2011,92.98,
ESTAT:TEC00027(1.0),19/09/23 11:00:00,A:Annual,INX_A_AVG:Annual average index,CP00:All-items HICP,HUN,2012,98.24,
ESTAT:TEC00027(1.0),19/09/23 11:00:00,A:Annual,INX_A_AVG:Annual average index,CP00:All-items HICP,HUN,2013,99.92,
ESTAT:TEC00027(1.0),19/09/23 11:00:00,A:Annual,INX_A_AVG:Annual average index,CP00:All-items HICP,HUN,2014,99.94,
ESTAT:TEC00027(1.0),19/09/23 11:00:00,A:Annual,INX_A_AVG:Annual average index,CP00:All-items HICP,HUN,2015,100.00,
ESTAT:TEC00027(1.0),19/09/23 11:00:00,A:Annual,INX_A_AVG:Annual average index,CP00:All-items HICP,HUN,2016,100.45,
ESTAT:TEC00027(1.0),19/09/23 11:00:00,A:Annual,INX_A_AVG:Annual average index,CP00:All-items HICP,HUN,2017,102.84,
ESTAT:TEC00027(1.0),19/09/23 11:00:00,A:Annual,INX_A_AVG:Annual average index,CP00:All-items HICP,HUN,2018,105.84,
ESTAT:TEC00027(1.0),19/09/23 11:00:00,A:Annual,INX_A_AVG:Annual average index,CP00:All-items HICP,HUN,2019,109.46,
ESTAT:TEC00027(1.0),19/09/23 11:00:00,A:Annual,INX_A_AVG:Annual average index,CP00:All-items HICP,HUN,2020,113.15,
ESTAT:TEC00027(1.0),19/09/23 11:00:00,A:Annual,INX_A_AVG:Annual average index,CP00:All-items HICP,HUN,2021,119.04,
ESTAT:TEC00027(1.0),19/09/23 11:00:00,A:Annual,INX_A_AVG:Annual average index,CP00:All-items HICP,HUN,2022,137.22,
ESTAT:TEC00027(1.0),19/09/23 11:00:00,A:Annual,INX_A_AVG:Annual average index,CP00:All-items HICP,IRL,2011,97.4,
ESTAT:TEC00027(1.0),19/09/23 11:00:00,A:Annual,INX_A_AVG:Annual average index,CP00:All-items HICP,IRL,2012,99.2,
ESTAT:TEC00027(1.0),19/09/23 11:00:00,A:Annual,INX_A_AVG:Annual average index,CP00:All-items HICP,IRL,2013,99.7,
ESTAT:TEC00027(1.0),19/09/23 11:00:00,A:Annual,INX_A_AVG:Annual average index,CP00:All-items HICP,IRL,2014,100.0,
ESTAT:TEC00027(1.0),19/09/23 11:00:00,A:Annual,INX_A_AVG:Annual average index,CP00:All-items HICP,IRL,2015,100.0,
ESTAT:TEC00027(1.0),19/09/23 11:00:00,A:Annual,INX_A_AVG:Annual average index,CP00:All-items HICP,IRL,2016,99.8,
ESTAT:TEC00027(1.0),19/09/23 11:00:00,A:Annual,INX_A_AVG:Annual average index,CP00:All-items HICP,IRL,2017,100.1,
ESTAT:TEC00027(1.0),19/09/23 11:00:00,A:Annual,INX_A_AVG:Annual average index,CP00:All-items HICP,IRL,2018,100.8,
ESTAT:TEC00027(1.0),19/09/23 11:00:00,A:Annual,INX_A_AVG:Annual average index,CP00:All-items HICP,IRL,2019,101.7,
ESTAT:TEC00027(1.0),19/09/23 11:00:00,A:Annual,INX_A_AVG:Annual average index,CP00:All-items HICP,IRL,2020,101.2,
ESTAT:TEC00027(1.0),19/09/23 11:00:00,A:Annual,INX_A_AVG:Annual average index,CP00:All-items HICP,IRL,2021,103.6,
ESTAT:TEC00027(1.0),19/09/23 11:00:00,A:Annual,INX_A_AVG:Annual average index,CP00:All-items HICP,IRL,2022,112.0,
ESTAT:TEC00027(1.0),19/09/23 11:00:00,A:Annual,INX_A_AVG:Annual average index,CP00:All-items HICP,ISL,2011,89.46,
ESTAT:TEC00027(1.0),19/09/23 11:00:00,A:Annual,INX_A_AVG:Annual average index,CP00:All-items HICP,ISL,2012,94.84,
ESTAT:TEC00027(1.0),19/09/23 11:00:00,A:Annual,INX_A_AVG:Annual average index,CP00:All-items HICP,ISL,2013,98.76,
ESTAT:TEC00027(1.0),19/09/23 11:00:00,A:Annual,INX_A_AVG:Annual average index,CP00:All-items HICP,ISL,2014,99.74,
ESTAT:TEC00027(1.0),19/09/23 11:00:00,A:Annual,INX_A_AVG:Annual average index,CP00:All-items HICP,ISL,2015,100.00,
ESTAT:TEC00027(1.0),19/09/23 11:00:00,A:Annual,INX_A_AVG:Annual average index,CP00:All-items HICP,ISL,2016,100.79,
ESTAT:TEC00027(1.0),19/09/23 11:00:00,A:Annual,INX_A_AVG:Annual average index,CP00:All-items HICP,ISL,2017,99.13,
ESTAT:TEC00027(1.0),19/09/23 11:00:00,A:Annual,INX_A_AVG:Annual average index,CP00:All-items HICP,ISL,2018,99.86,
ESTAT:TEC00027(1.0),19/09/23 11:00:00,A:Annual,INX_A_AVG:Annual average index,CP00:All-items HICP,ISL,2019,101.85,
ESTAT:TEC00027(1.0),19/09/23 11:00:00,A:Annual,INX_A_AVG:Annual average index,CP00:All-items HICP,ISL,2020,103.06,
ESTAT:TEC00027(1.0),19/09/23 11:00:00,A:Annual,INX_A_AVG:Annual average index,CP00:All-items HICP,ISL,2021,106.84,
ESTAT:TEC00027(1.0),19/09/23 11:00:00,A:Annual,INX_A_AVG:Annual average index,CP00:All-items HICP,ISL,2022,112.96,
ESTAT:TEC00027(1.0),19/09/23 11:00:00,A:Annual,INX_A_AVG:Annual average index,CP00:All-items HICP,ITA,2011,95.3,
ESTAT:TEC00027(1.0),19/09/23 11:00:00,A:Annual,INX_A_AVG:Annual average index,CP00:All-items HICP,ITA,2012,98.4,
ESTAT:TEC00027(1.0),19/09/23 11:00:00,A:Annual,INX_A_AVG:Annual average index,CP00:All-items HICP,ITA,2013,99.7,
ESTAT:TEC00027(1.0),19/09/23 11:00:00,A:Annual,INX_A_AVG:Annual average index,CP00:All-items HICP,ITA,2014,99.9,
ESTAT:TEC00027(1.0),19/09/23 11:00:00,A:Annual,INX_A_AVG:Annual average index,CP00:All-items HICP,ITA,2015,100.0,
ESTAT:TEC00027(1.0),19/09/23 11:00:00,A:Annual,INX_A_AVG:Annual average index,CP00:All-items HICP,ITA,2016,99.9,
ESTAT:TEC00027(1.0),19/09/23 11:00:00,A:Annual,INX_A_AVG:Annual average index,CP00:All-items HICP,ITA,2017,101.3,
ESTAT:TEC00027(1.0),19/09/23 11:00:00,A:Annual,INX_A_AVG:Annual average index,CP00:All-items HICP,ITA,2018,102.5,
ESTAT:TEC00027(1.0),19/09/23 11:00:00,A:Annual,INX_A_AVG:Annual average index,CP00:All-items HICP,ITA,2019,103.2,
ESTAT:TEC00027(1.0),19/09/23 11:00:00,A:Annual,INX_A_AVG:Annual average index,CP00:All-items HICP,ITA,2020,103.0,
ESTAT:TEC00027(1.0),19/09/23 11:00:00,A:Annual,INX_A_AVG:Annual average index,CP00:All-items HICP,ITA,2021,105.0,
ESTAT:TEC00027(1.0),19/09/23 11:00:00,A:Annual,INX_A_AVG:Annual average index,CP00:All-items HICP,ITA,2022,114.2,
ESTAT:TEC00027(1.0),19/09/23 11:00:00,A:Annual,INX_A_AVG:Annual average index,CP00:All-items HICP,LTU,2011,96.24,
ESTAT:TEC00027(1.0),19/09/23 11:00:00,A:Annual,INX_A_AVG:Annual average index,CP00:All-items HICP,LTU,2012,99.28,
ESTAT:TEC00027(1.0),19/09/23 11:00:00,A:Annual,INX_A_AVG:Annual average index,CP00:All-items HICP,LTU,2013,100.44,
ESTAT:TEC00027(1.0),19/09/23 11:00:00,A:Annual,INX_A_AVG:Annual average index,CP00:All-items HICP,LTU,2014,100.68,
ESTAT:TEC00027(1.0),19/09/23 11:00:00,A:Annual,INX_A_AVG:Annual average index,CP00:All-items HICP,LTU,2015,100.00,
ESTAT:TEC00027(1.0),19/09/23 11:00:00,A:Annual,INX_A_AVG:Annual average index,CP00:All-items HICP,LTU,2016,100.68,
ESTAT:TEC00027(1.0),19/09/23 11:00:00,A:Annual,INX_A_AVG:Annual average index,CP00:All-items HICP,LTU,2017,104.42,
ESTAT:TEC00027(1.0),19/09/23 11:00:00,A:Annual,INX_A_AVG:Annual average index,CP00:All-items HICP,LTU,2018,107.07,
ESTAT:TEC00027(1.0),19/09/23 11:00:00,A:Annual,INX_A_AVG:Annual average index,CP00:All-items HICP,LTU,2019,109.47,
ESTAT:TEC00027(1.0),19/09/23 11:00:00,A:Annual,INX_A_AVG:Annual average index,CP00:All-items HICP,LTU,2020,110.63,
ESTAT:TEC00027(1.0),19/09/23 11:00:00,A:Annual,INX_A_AVG:Annual average index,CP00:All-items HICP,LTU,2021,115.75,
ESTAT:TEC00027(1.0),19/09/23 11:00:00,A:Annual,INX_A_AVG:Annual average index,CP00:All-items HICP,LTU,2022,137.57,
ESTAT:TEC00027(1.0),19/09/23 11:00:00,A:Annual,INX_A_AVG:Annual average index,CP00:All-items HICP,LUX,2011,94.85,
ESTAT:TEC00027(1.0),19/09/23 11:00:00,A:Annual,INX_A_AVG:Annual average index,CP00:All-items HICP,LUX,2012,97.59,
ESTAT:TEC00027(1.0),19/09/23 11:00:00,A:Annual,INX_A_AVG:Annual average index,CP00:All-items HICP,LUX,2013,99.25,
ESTAT:TEC00027(1.0),19/09/23 11:00:00,A:Annual,INX_A_AVG:Annual average index,CP00:All-items HICP,LUX,2014,99.94,
ESTAT:TEC00027(1.0),19/09/23 11:00:00,A:Annual,INX_A_AVG:Annual average index,CP00:All-items HICP,LUX,2015,100.00,
ESTAT:TEC00027(1.0),19/09/23 11:00:00,A:Annual,INX_A_AVG:Annual average index,CP00:All-items HICP,LUX,2016,100.04,
ESTAT:TEC00027(1.0),19/09/23 11:00:00,A:Annual,INX_A_AVG:Annual average index,CP00:All-items HICP,LUX,2017,102.15,
ESTAT:TEC00027(1.0),19/09/23 11:00:00,A:Annual,INX_A_AVG:Annual average index,CP00:All-items HICP,LUX,2018,104.21,
ESTAT:TEC00027(1.0),19/09/23 11:00:00,A:Annual,INX_A_AVG:Annual average index,CP00:All-items HICP,LUX,2019,105.93,
ESTAT:TEC00027(1.0),19/09/23 11:00:00,A:Annual,INX_A_AVG:Annual average index,CP00:All-items HICP,LUX,2020,105.93,
ESTAT:TEC00027(1.0),19/09/23 11:00:00,A:Annual,INX_A_AVG:Annual average index,CP00:All-items HICP,LUX,2021,109.61,
ESTAT:TEC00027(1.0),19/09/23 11:00:00,A:Annual,INX_A_AVG:Annual average index,CP00:All-items HICP,LUX,2022,118.55,
ESTAT:TEC00027(1.0),19/09/23 11:00:00,A:Annual,INX_A_AVG:Annual average index,CP00:All-items HICP,LVA,2011,96.88,
ESTAT:TEC00027(1.0),19/09/23 11:00:00,A:Annual,INX_A_AVG:Annual average index,CP00:All-items HICP,LVA,2012,99.09,
ESTAT:TEC00027(1.0),19/09/23 11:00:00,A:Annual,INX_A_AVG:Annual average index,CP00:All-items HICP,LVA,2013,99.11,
ESTAT:TEC00027(1.0),19/09/23 11:00:00,A:Annual,INX_A_AVG:Annual average index,CP00:All-items HICP,LVA,2014,99.79,
ESTAT:TEC00027(1.0),19/09/23 11:00:00,A:Annual,INX_A_AVG:Annual average index,CP00:All-items HICP,LVA,2015,100.00,
ESTAT:TEC00027(1.0),19/09/23 11:00:00,A:Annual,INX_A_AVG:Annual average index,CP00:All-items HICP,LVA,2016,100.10,
ESTAT:TEC00027(1.0),19/09/23 11:00:00,A:Annual,INX_A_AVG:Annual average index,CP00:All-items HICP,LVA,2017,103.00,
ESTAT:TEC00027(1.0),19/09/23 11:00:00,A:Annual,INX_A_AVG:Annual average index,CP00:All-items HICP,LVA,2018,105.63,
ESTAT:TEC00027(1.0),19/09/23 11:00:00,A:Annual,INX_A_AVG:Annual average index,CP00:All-items HICP,LVA,2019,108.53,
ESTAT:TEC00027(1.0),19/09/23 11:00:00,A:Annual,INX_A_AVG:Annual average index,CP00:All-items HICP,LVA,2020,108.62,
ESTAT:TEC00027(1.0),19/09/23 11:00:00,A:Annual,INX_A_AVG:Annual average index,CP00:All-items HICP,LVA,2021,112.14,
ESTAT:TEC00027(1.0),19/09/23 11:00:00,A:Annual,INX_A_AVG:Annual average index,CP00:All-items HICP,LVA,2022,131.47,
ESTAT:TEC00027(1.0),19/09/23 11:00:00,A:Annual,INX_A_AVG:Annual average index,CP00:All-items HICP,MNE,2015,100.00,d
ESTAT:TEC00027(1.0),19/09/23 11:00:00,A:Annual,INX_A_AVG:Annual average index,CP00:All-items HICP,MNE,2016,99.93,d
ESTAT:TEC00027(1.0),19/09/23 11:00:00,A:Annual,INX_A_AVG:Annual average index,CP00:All-items HICP,MNE,2017,102.68,d
ESTAT:TEC00027(1.0),19/09/23 11:00:00,A:Annual,INX_A_AVG:Annual average index,CP00:All-items HICP,MNE,2018,105.39,d
ESTAT:TEC00027(1.0),19/09/23 11:00:00,A:Annual,INX_A_AVG:Annual average index,CP00:All-items HICP,MNE,2019,105.94,d
ESTAT:TEC00027(1.0),19/09/23 11:00:00,A:Annual,INX_A_AVG:Annual average index,CP00:All-items HICP,MNE,2020,105.39,d
ESTAT:TEC00027(1.0),19/09/23 11:00:00,A:Annual,INX_A_AVG:Annual average index,CP00:All-items HICP,MNE,2021,108.03,d
ESTAT:TEC00027(1.0),19/09/23 11:00:00,A:Annual,INX_A_AVG:Annual average index,CP00:All-items HICP,MNE,2022,120.92,d
ESTAT:TEC00027(1.0),19/09/23 11:00:00,A:Annual,INX_A_AVG:Annual average index,CP00:All-items HICP,MK:North Macedonia,2011,95.52,d
ESTAT:TEC00027(1.0),19/09/23 11:00:00,A:Annual,INX_A_AVG:Annual average index,CP00:All-items HICP,MK:North Macedonia,2012,97.26,d
ESTAT:TEC00027(1.0),19/09/23 11:00:00,A:Annual,INX_A_AVG:Annual average index,CP00:All-items HICP,MK:North Macedonia,2013,99.91,d
ESTAT:TEC00027(1.0),19/09/23 11:00:00,A:Annual,INX_A_AVG:Annual average index,CP00:All-items HICP,MK:North Macedonia,2014,99.87,d
ESTAT:TEC00027(1.0),19/09/23 11:00:00,A:Annual,INX_A_AVG:Annual average index,CP00:All-items HICP,MK:North Macedonia,2015,100.00,d
ESTAT:TEC00027(1.0),19/09/23 11:00:00,A:Annual,INX_A_AVG:Annual average index,CP00:All-items HICP,MK:North Macedonia,2016,100.24,d
ESTAT:TEC00027(1.0),19/09/23 11:00:00,A:Annual,INX_A_AVG:Annual average index,CP00:All-items HICP,MK:North Macedonia,2017,102.35,d
ESTAT:TEC00027(1.0),19/09/23 11:00:00,A:Annual,INX_A_AVG:Annual average index,CP00:All-items HICP,MK:North Macedonia,2018,104.66,d
ESTAT:TEC00027(1.0),19/09/23 11:00:00,A:Annual,INX_A_AVG:Annual average index,CP00:All-items HICP,MK:North Macedonia,2019,105.42,d
ESTAT:TEC00027(1.0),19/09/23 11:00:00,A:Annual,INX_A_AVG:Annual average index,CP00:All-items HICP,MK:North Macedonia,2020,106.73,d
ESTAT:TEC00027(1.0),19/09/23 11:00:00,A:Annual,INX_A_AVG:Annual average index,CP00:All-items HICP,MK:North Macedonia,2021,110.36,d
ESTAT:TEC00027(1.0),19/09/23 11:00:00,A:Annual,INX_A_AVG:Annual average index,CP00:All-items HICP,MK:North Macedonia,2022,125.83,d
ESTAT:TEC00027(1.0),19/09/23 11:00:00,A:Annual,INX_A_AVG:Annual average index,CP00:All-items HICP,MLT,2011,94.10,
ESTAT:TEC00027(1.0),19/09/23 11:00:00,A:Annual,INX_A_AVG:Annual average index,CP00:All-items HICP,MLT,2012,97.13,
ESTAT:TEC00027(1.0),19/09/23 11:00:00,A:Annual,INX_A_AVG:Annual average index,CP00:All-items HICP,MLT,2013,98.08,
ESTAT:TEC00027(1.0),19/09/23 11:00:00,A:Annual,INX_A_AVG:Annual average index,CP00:All-items HICP,MLT,2014,98.84,
ESTAT:TEC00027(1.0),19/09/23 11:00:00,A:Annual,INX_A_AVG:Annual average index,CP00:All-items HICP,MLT,2015,100.00,
ESTAT:TEC00027(1.0),19/09/23 11:00:00,A:Annual,INX_A_AVG:Annual average index,CP00:All-items HICP,MLT,2016,100.90,
ESTAT:TEC00027(1.0),19/09/23 11:00:00,A:Annual,INX_A_AVG:Annual average index,CP00:All-items HICP,MLT,2017,102.18,
ESTAT:TEC00027(1.0),19/09/23 11:00:00,A:Annual,INX_A_AVG:Annual average index,CP00:All-items HICP,MLT,2018,103.95,
ESTAT:TEC00027(1.0),19/09/23 11:00:00,A:Annual,INX_A_AVG:Annual average index,CP00:All-items HICP,MLT,2019,105.54,
ESTAT:TEC00027(1.0),19/09/23 11:00:00,A:Annual,INX_A_AVG:Annual average index,CP00:All-items HICP,MLT,2020,106.37,
ESTAT:TEC00027(1.0),19/09/23 11:00:00,A:Annual,INX_A_AVG:Annual average index,CP00:All-items HICP,MLT,2021,107.12,
ESTAT:TEC00027(1.0),19/09/23 11:00:00,A:Annual,INX_A_AVG:Annual average index,CP00:All-items HICP,MLT,2022,113.69,
ESTAT:TEC00027(1.0),19/09/23 11:00:00,A:Annual,INX_A_AVG:Annual average index,CP00:All-items HICP,NLD,2011,94.32,
ESTAT:TEC00027(1.0),19/09/23 11:00:00,A:Annual,INX_A_AVG:Annual average index,CP00:All-items HICP,NLD,2012,96.99,
ESTAT:TEC00027(1.0),19/09/23 11:00:00,A:Annual,INX_A_AVG:Annual average index,CP00:All-items HICP,NLD,2013,99.47,
ESTAT:TEC00027(1.0),19/09/23 11:00:00,A:Annual,INX_A_AVG:Annual average index,CP00:All-items HICP,NLD,2014,99.79,
ESTAT:TEC00027(1.0),19/09/23 11:00:00,A:Annual,INX_A_AVG:Annual average index,CP00:All-items HICP,NLD,2015,100.00,
ESTAT:TEC00027(1.0),19/09/23 11:00:00,A:Annual,INX_A_AVG:Annual average index,CP00:All-items HICP,NLD,2016,100.11,
ESTAT:TEC00027(1.0),19/09/23 11:00:00,A:Annual,INX_A_AVG:Annual average index,CP00:All-items HICP,NLD,2017,101.40,
ESTAT:TEC00027(1.0),19/09/23 11:00:00,A:Annual,INX_A_AVG:Annual average index,CP00:All-items HICP,NLD,2018,103.02,
ESTAT:TEC00027(1.0),19/09/23 11:00:00,A:Annual,INX_A_AVG:Annual average index,CP00:All-items HICP,NLD,2019,105.78,
ESTAT:TEC00027(1.0),19/09/23 11:00:00,A:Annual,INX_A_AVG:Annual average index,CP00:All-items HICP,NLD,2020,106.96,
ESTAT:TEC00027(1.0),19/09/23 11:00:00,A:Annual,INX_A_AVG:Annual average index,CP00:All-items HICP,NLD,2021,109.98,
ESTAT:TEC00027(1.0),19/09/23 11:00:00,A:Annual,INX_A_AVG:Annual average index,CP00:All-items HICP,NLD,2022,122.78,
ESTAT:TEC00027(1.0),19/09/23 11:00:00,A:Annual,INX_A_AVG:Annual average index,CP00:All-items HICP,NOR,2011,94.0,
ESTAT:TEC00027(1.0),19/09/23 11:00:00,A:Annual,INX_A_AVG:Annual average index,CP00:All-items HICP,NOR,2012,94.3,
ESTAT:TEC00027(1.0),19/09/23 11:00:00,A:Annual,INX_A_AVG:Annual average index,CP00:All-items HICP,NOR,2013,96.2,
ESTAT:TEC00027(1.0),19/09/23 11:00:00,A:Annual,INX_A_AVG:Annual average index,CP00:All-items HICP,NOR,2014,98.0,
ESTAT:TEC00027(1.0),19/09/23 11:00:00,A:Annual,INX_A_AVG:Annual average index,CP00:All-items HICP,NOR,2015,100.0,
ESTAT:TEC00027(1.0),19/09/23 11:00:00,A:Annual,INX_A_AVG:Annual average index,CP00:All-items HICP,NOR,2016,103.9,
ESTAT:TEC00027(1.0),19/09/23 11:00:00,A:Annual,INX_A_AVG:Annual average index,CP00:All-items HICP,NOR,2017,105.8,
ESTAT:TEC00027(1.0),19/09/23 11:00:00,A:Annual,INX_A_AVG:Annual average index,CP00:All-items HICP,NOR,2018,109.0,
ESTAT:TEC00027(1.0),19/09/23 11:00:00,A:Annual,INX_A_AVG:Annual average index,CP00:All-items HICP,NOR,2019,111.5,
ESTAT:TEC00027(1.0),19/09/23 11:00:00,A:Annual,INX_A_AVG:Annual average index,CP00:All-items HICP,NOR,2020,112.8,
ESTAT:TEC00027(1.0),19/09/23 11:00:00,A:Annual,INX_A_AVG:Annual average index,CP00:All-items HICP,NOR,2021,117.2,
ESTAT:TEC00027(1.0),19/09/23 11:00:00,A:Annual,INX_A_AVG:Annual average index,CP00:All-items HICP,NOR,2022,124.5,
ESTAT:TEC00027(1.0),19/09/23 11:00:00,A:Annual,INX_A_AVG:Annual average index,CP00:All-items HICP,POL,2011,96.3,
ESTAT:TEC00027(1.0),19/09/23 11:00:00,A:Annual,INX_A_AVG:Annual average index,CP00:All-items HICP,POL,2012,99.8,
ESTAT:TEC00027(1.0),19/09/23 11:00:00,A:Annual,INX_A_AVG:Annual average index,CP00:All-items HICP,POL,2013,100.6,
ESTAT:TEC00027(1.0),19/09/23 11:00:00,A:Annual,INX_A_AVG:Annual average index,CP00:All-items HICP,POL,2014,100.7,
ESTAT:TEC00027(1.0),19/09/23 11:00:00,A:Annual,INX_A_AVG:Annual average index,CP00:All-items HICP,POL,2015,100.0,
ESTAT:TEC00027(1.0),19/09/23 11:00:00,A:Annual,INX_A_AVG:Annual average index,CP00:All-items HICP,POL,2016,99.8,
ESTAT:TEC00027(1.0),19/09/23 11:00:00,A:Annual,INX_A_AVG:Annual average index,CP00:All-items HICP,POL,2017,101.4,
ESTAT:TEC00027(1.0),19/09/23 11:00:00,A:Annual,INX_A_AVG:Annual average index,CP00:All-items HICP,POL,2018,102.6,
ESTAT:TEC00027(1.0),19/09/23 11:00:00,A:Annual,INX_A_AVG:Annual average index,CP00:All-items HICP,POL,2019,104.8,
ESTAT:TEC00027(1.0),19/09/23 11:00:00,A:Annual,INX_A_AVG:Annual average index,CP00:All-items HICP,POL,2020,108.6,
ESTAT:TEC00027(1.0),19/09/23 11:00:00,A:Annual,INX_A_AVG:Annual average index,CP00:All-items HICP,POL,2021,114.3,
ESTAT:TEC00027(1.0),19/09/23 11:00:00,A:Annual,INX_A_AVG:Annual average index,CP00:All-items HICP,POL,2022,129.4,
ESTAT:TEC00027(1.0),19/09/23 11:00:00,A:Annual,INX_A_AVG:Annual average index,CP00:All-items HICP,PRT,2011,96.54,
ESTAT:TEC00027(1.0),19/09/23 11:00:00,A:Annual,INX_A_AVG:Annual average index,CP00:All-items HICP,PRT,2012,99.22,
ESTAT:TEC00027(1.0),19/09/23 11:00:00,A:Annual,INX_A_AVG:Annual average index,CP00:All-items HICP,PRT,2013,99.65,
ESTAT:TEC00027(1.0),19/09/23 11:00:00,A:Annual,INX_A_AVG:Annual average index,CP00:All-items HICP,PRT,2014,99.50,
ESTAT:TEC00027(1.0),19/09/23 11:00:00,A:Annual,INX_A_AVG:Annual average index,CP00:All-items HICP,PRT,2015,100.00,
ESTAT:TEC00027(1.0),19/09/23 11:00:00,A:Annual,INX_A_AVG:Annual average index,CP00:All-items HICP,PRT,2016,100.64,
ESTAT:TEC00027(1.0),19/09/23 11:00:00,A:Annual,INX_A_AVG:Annual average index,CP00:All-items HICP,PRT,2017,102.20,
ESTAT:TEC00027(1.0),19/09/23 11:00:00,A:Annual,INX_A_AVG:Annual average index,CP00:All-items HICP,PRT,2018,103.40,
ESTAT:TEC00027(1.0),19/09/23 11:00:00,A:Annual,INX_A_AVG:Annual average index,CP00:All-items HICP,PRT,2019,103.71,
ESTAT:TEC00027(1.0),19/09/23 11:00:00,A:Annual,INX_A_AVG:Annual average index,CP00:All-items HICP,PRT,2020,103.58,
ESTAT:TEC00027(1.0),19/09/23 11:00:00,A:Annual,INX_A_AVG:Annual average index,CP00:All-items HICP,PRT,2021,104.55,
ESTAT:TEC00027(1.0),19/09/23 11:00:00,A:Annual,INX_A_AVG:Annual average index,CP00:All-items HICP,PRT,2022,113.03,
ESTAT:TEC00027(1.0),19/09/23 11:00:00,A:Annual,INX_A_AVG:Annual average index,CP00:All-items HICP,ROU,2011,92.84,
ESTAT:TEC00027(1.0),19/09/23 11:00:00,A:Annual,INX_A_AVG:Annual average index,CP00:All-items HICP,ROU,2012,95.98,
ESTAT:TEC00027(1.0),19/09/23 11:00:00,A:Annual,INX_A_AVG:Annual average index,CP00:All-items HICP,ROU,2013,99.04,
ESTAT:TEC00027(1.0),19/09/23 11:00:00,A:Annual,INX_A_AVG:Annual average index,CP00:All-items HICP,ROU,2014,100.41,
ESTAT:TEC00027(1.0),19/09/23 11:00:00,A:Annual,INX_A_AVG:Annual average index,CP00:All-items HICP,ROU,2015,100.00,
ESTAT:TEC00027(1.0),19/09/23 11:00:00,A:Annual,INX_A_AVG:Annual average index,CP00:All-items HICP,ROU,2016,98.93,
ESTAT:TEC00027(1.0),19/09/23 11:00:00,A:Annual,INX_A_AVG:Annual average index,CP00:All-items HICP,ROU,2017,100.00,
ESTAT:TEC00027(1.0),19/09/23 11:00:00,A:Annual,INX_A_AVG:Annual average index,CP00:All-items HICP,ROU,2018,104.08,
ESTAT:TEC00027(1.0),19/09/23 11:00:00,A:Annual,INX_A_AVG:Annual average index,CP00:All-items HICP,ROU,2019,108.15,
ESTAT:TEC00027(1.0),19/09/23 11:00:00,A:Annual,INX_A_AVG:Annual average index,CP00:All-items HICP,ROU,2020,110.67,
ESTAT:TEC00027(1.0),19/09/23 11:00:00,A:Annual,INX_A_AVG:Annual average index,CP00:All-items HICP,ROU,2021,115.21,
ESTAT:TEC00027(1.0),19/09/23 11:00:00,A:Annual,INX_A_AVG:Annual average index,CP00:All-items HICP,ROU,2022,129.06,
ESTAT:TEC00027(1.0),19/09/23 11:00:00,A:Annual,INX_A_AVG:Annual average index,CP00:All-items HICP,SRB,2011,83.3,d
ESTAT:TEC00027(1.0),19/09/23 11:00:00,A:Annual,INX_A_AVG:Annual average index,CP00:All-items HICP,SRB,2012,89.4,d
ESTAT:TEC00027(1.0),19/09/23 11:00:00,A:Annual,INX_A_AVG:Annual average index,CP00:All-items HICP,SRB,2013,96.3,d
ESTAT:TEC00027(1.0),19/09/23 11:00:00,A:Annual,INX_A_AVG:Annual average index,CP00:All-items HICP,SRB,2014,98.5,d
ESTAT:TEC00027(1.0),19/09/23 11:00:00,A:Annual,INX_A_AVG:Annual average index,CP00:All-items HICP,SRB,2015,100.0,d
ESTAT:TEC00027(1.0),19/09/23 11:00:00,A:Annual,INX_A_AVG:Annual average index,CP00:All-items HICP,SRB,2016,101.3,d
ESTAT:TEC00027(1.0),19/09/23 11:00:00,A:Annual,INX_A_AVG:Annual average index,CP00:All-items HICP,SRB,2017,104.7,d
ESTAT:TEC00027(1.0),19/09/23 11:00:00,A:Annual,INX_A_AVG:Annual average index,CP00:All-items HICP,SRB,2018,106.8,d
ESTAT:TEC00027(1.0),19/09/23 11:00:00,A:Annual,INX_A_AVG:Annual average index,CP00:All-items HICP,SRB,2019,108.8,d
ESTAT:TEC00027(1.0),19/09/23 11:00:00,A:Annual,INX_A_AVG:Annual average index,CP00:All-items HICP,SRB,2020,110.7,d
ESTAT:TEC00027(1.0),19/09/23 11:00:00,A:Annual,INX_A_AVG:Annual average index,CP00:All-items HICP,SRB,2021,115.2,d
ESTAT:TEC00027(1.0),19/09/23 11:00:00,A:Annual,INX_A_AVG:Annual average index,CP00:All-items HICP,SRB,2022,128.7,d
ESTAT:TEC00027(1.0),19/09/23 11:00:00,A:Annual,INX_A_AVG:Annual average index,CP00:All-items HICP,SWE,2011,97.75,
ESTAT:TEC00027(1.0),19/09/23 11:00:00,A:Annual,INX_A_AVG:Annual average index,CP00:All-items HICP,SWE,2012,98.66,
ESTAT:TEC00027(1.0),19/09/23 11:00:00,A:Annual,INX_A_AVG:Annual average index,CP00:All-items HICP,SWE,2013,99.10,
ESTAT:TEC00027(1.0),19/09/23 11:00:00,A:Annual,INX_A_AVG:Annual average index,CP00:All-items HICP,SWE,2014,99.30,
ESTAT:TEC00027(1.0),19/09/23 11:00:00,A:Annual,INX_A_AVG:Annual average index,CP00:All-items HICP,SWE,2015,100.00,
ESTAT:TEC00027(1.0),19/09/23 11:00:00,A:Annual,INX_A_AVG:Annual average index,CP00:All-items HICP,SWE,2016,101.14,
ESTAT:TEC00027(1.0),19/09/23 11:00:00,A:Annual,INX_A_AVG:Annual average index,CP00:All-items HICP,SWE,2017,103.02,
ESTAT:TEC00027(1.0),19/09/23 11:00:00,A:Annual,INX_A_AVG:Annual average index,CP00:All-items HICP,SWE,2018,105.12,
ESTAT:TEC00027(1.0),19/09/23 11:00:00,A:Annual,INX_A_AVG:Annual average index,CP00:All-items HICP,SWE,2019,106.93,
ESTAT:TEC00027(1.0),19/09/23 11:00:00,A:Annual,INX_A_AVG:Annual average index,CP00:All-items HICP,SWE,2020,107.63,
ESTAT:TEC00027(1.0),19/09/23 11:00:00,A:Annual,INX_A_AVG:Annual average index,CP00:All-items HICP,SWE,2021,110.49,
ESTAT:TEC00027(1.0),19/09/23 11:00:00,A:Annual,INX_A_AVG:Annual average index,CP00:All-items HICP,SWE,2022,119.39,
ESTAT:TEC00027(1.0),19/09/23 11:00:00,A:Annual,INX_A_AVG:Annual average index,CP00:All-items HICP,SVN,2011,95.81,
ESTAT:TEC00027(1.0),19/09/23 11:00:00,A:Annual,INX_A_AVG:Annual average index,CP00:All-items HICP,SVN,2012,98.50,
ESTAT:TEC00027(1.0),19/09/23 11:00:00,A:Annual,INX_A_AVG:Annual average index,CP00:All-items HICP,SVN,2013,100.40,
ESTAT:TEC00027(1.0),19/09/23 11:00:00,A:Annual,INX_A_AVG:Annual average index,CP00:All-items HICP,SVN,2014,100.77,
ESTAT:TEC00027(1.0),19/09/23 11:00:00,A:Annual,INX_A_AVG:Annual average index,CP00:All-items HICP,SVN,2015,100.00,
ESTAT:TEC00027(1.0),19/09/23 11:00:00,A:Annual,INX_A_AVG:Annual average index,CP00:All-items HICP,SVN,2016,99.85,
ESTAT:TEC00027(1.0),19/09/23 11:00:00,A:Annual,INX_A_AVG:Annual average index,CP00:All-items HICP,SVN,2017,101.40,
ESTAT:TEC00027(1.0),19/09/23 11:00:00,A:Annual,INX_A_AVG:Annual average index,CP00:All-items HICP,SVN,2018,103.36,
ESTAT:TEC00027(1.0),19/09/23 11:00:00,A:Annual,INX_A_AVG:Annual average index,CP00:All-items HICP,SVN,2019,105.11,
ESTAT:TEC00027(1.0),19/09/23 11:00:00,A:Annual,INX_A_AVG:Annual average index,CP00:All-items HICP,SVN,2020,104.82,
ESTAT:TEC00027(1.0),19/09/23 11:00:00,A:Annual,INX_A_AVG:Annual average index,CP00:All-items HICP,SVN,2021,106.97,
ESTAT:TEC00027(1.0),19/09/23 11:00:00,A:Annual,INX_A_AVG:Annual average index,CP00:All-items HICP,SVN,2022,116.94,
ESTAT:TEC00027(1.0),19/09/23 11:00:00,A:Annual,INX_A_AVG:Annual average index,CP00:All-items HICP,SVK,2011,95.43,
ESTAT:TEC00027(1.0),19/09/23 11:00:00,A:Annual,INX_A_AVG:Annual average index,CP00:All-items HICP,SVK,2012,99.00,
ESTAT:TEC00027(1.0),19/09/23 11:00:00,A:Annual,INX_A_AVG:Annual average index,CP00:All-items HICP,SVK,2013,100.45,
ESTAT:TEC00027(1.0),19/09/23 11:00:00,A:Annual,INX_A_AVG:Annual average index,CP00:All-items HICP,SVK,2014,100.35,
ESTAT:TEC00027(1.0),19/09/23 11:00:00,A:Annual,INX_A_AVG:Annual average index,CP00:All-items HICP,SVK,2015,100.00,
ESTAT:TEC00027(1.0),19/09/23 11:00:00,A:Annual,INX_A_AVG:Annual average index,CP00:All-items HICP,SVK,2016,99.52,
ESTAT:TEC00027(1.0),19/09/23 11:00:00,A:Annual,INX_A_AVG:Annual average index,CP00:All-items HICP,SVK,2017,100.90,
ESTAT:TEC00027(1.0),19/09/23 11:00:00,A:Annual,INX_A_AVG:Annual average index,CP00:All-items HICP,SVK,2018,103.46,
ESTAT:TEC00027(1.0),19/09/23 11:00:00,A:Annual,INX_A_AVG:Annual average index,CP00:All-items HICP,SVK,2019,106.33,
ESTAT:TEC00027(1.0),19/09/23 11:00:00,A:Annual,INX_A_AVG:Annual average index,CP00:All-items HICP,SVK,2020,108.47,
ESTAT:TEC00027(1.0),19/09/23 11:00:00,A:Annual,INX_A_AVG:Annual average index,CP00:All-items HICP,SVK,2021,111.53,
ESTAT:TEC00027(1.0),19/09/23 11:00:00,A:Annual,INX_A_AVG:Annual average index,CP00:All-items HICP,SVK,2022,125.05,
ESTAT:TEC00027(1.0),19/09/23 11:00:00,A:Annual,INX_A_AVG:Annual average index,CP00:All-items HICP,TUR,2011,72.79,d
ESTAT:TEC00027(1.0),19/09/23 11:00:00,A:Annual,INX_A_AVG:Annual average index,CP00:All-items HICP,TUR,2012,79.31,d
ESTAT:TEC00027(1.0),19/09/23 11:00:00,A:Annual,INX_A_AVG:Annual average index,CP00:All-items HICP,TUR,2013,85.22,d
ESTAT:TEC00027(1.0),19/09/23 11:00:00,A:Annual,INX_A_AVG:Annual average index,CP00:All-items HICP,TUR,2014,92.81,d
ESTAT:TEC00027(1.0),19/09/23 11:00:00,A:Annual,INX_A_AVG:Annual average index,CP00:All-items HICP,TUR,2015,100.00,d
ESTAT:TEC00027(1.0),19/09/23 11:00:00,A:Annual,INX_A_AVG:Annual average index,CP00:All-items HICP,TUR,2016,107.66,d
ESTAT:TEC00027(1.0),19/09/23 11:00:00,A:Annual,INX_A_AVG:Annual average index,CP00:All-items HICP,TUR,2017,119.63,d
ESTAT:TEC00027(1.0),19/09/23 11:00:00,A:Annual,INX_A_AVG:Annual average index,CP00:All-items HICP,TUR,2018,139.17,d
ESTAT:TEC00027(1.0),19/09/23 11:00:00,A:Annual,INX_A_AVG:Annual average index,CP00:All-items HICP,TUR,2019,160.30,d
ESTAT:TEC00027(1.0),19/09/23 11:00:00,A:Annual,INX_A_AVG:Annual average index,CP00:All-items HICP,TUR,2020,179.98,d
ESTAT:TEC00027(1.0),19/09/23 11:00:00,A:Annual,INX_A_AVG:Annual average index,CP00:All-items HICP,TUR,2021,215.24,d
ESTAT:TEC00027(1.0),19/09/23 11:00:00,A:Annual,INX_A_AVG:Annual average index,CP00:All-items HICP,TUR,2022,370.82,d
ESTAT:TEC00027(1.0),19/09/23 11:00:00,A:Annual,INX_A_AVG:Annual average index,CP00:All-items HICP,GBR,2011,93.4,
ESTAT:TEC00027(1.0),19/09/23 11:00:00,A:Annual,INX_A_AVG:Annual average index,CP00:All-items HICP,GBR,2012,96.1,
ESTAT:TEC00027(1.0),19/09/23 11:00:00,A:Annual,INX_A_AVG:Annual average index,CP00:All-items HICP,GBR,2013,98.5,
ESTAT:TEC00027(1.0),19/09/23 11:00:00,A:Annual,INX_A_AVG:Annual average index,CP00:All-items HICP,GBR,2014,100.0,
ESTAT:TEC00027(1.0),19/09/23 11:00:00,A:Annual,INX_A_AVG:Annual average index,CP00:All-items HICP,GBR,2015,100.0,
ESTAT:TEC00027(1.0),19/09/23 11:00:00,A:Annual,INX_A_AVG:Annual average index,CP00:All-items HICP,GBR,2016,100.7,
ESTAT:TEC00027(1.0),19/09/23 11:00:00,A:Annual,INX_A_AVG:Annual average index,CP00:All-items HICP,GBR,2017,103.4,
ESTAT:TEC00027(1.0),19/09/23 11:00:00,A:Annual,INX_A_AVG:Annual average index,CP00:All-items HICP,GBR,2018,105.9,
ESTAT:TEC00027(1.0),19/09/23 11:00:00,A:Annual,INX_A_AVG:Annual average index,CP00:All-items HICP,GBR,2019,107.8,
ESTAT:TEC00027(1.0),19/09/23 11:00:00,A:Annual,INX_A_AVG:Annual average index,CP00:All-items HICP,UMI,2011,96.20,d
ESTAT:TEC00027(1.0),19/09/23 11:00:00,A:Annual,INX_A_AVG:Annual average index,CP00:All-items HICP,UMI,2012,98.23,d
ESTAT:TEC00027(1.0),19/09/23 11:00:00,A:Annual,INX_A_AVG:Annual average index,CP00:All-items HICP,UMI,2013,99.46,d
ESTAT:TEC00027(1.0),19/09/23 11:00:00,A:Annual,INX_A_AVG:Annual average index,CP00:All-items HICP,UMI,2014,100.76,d
ESTAT:TEC00027(1.0),19/09/23 11:00:00,A:Annual,INX_A_AVG:Annual average index,CP00:All-items HICP,UMI,2015,100.00,d
ESTAT:TEC00027(1.0),19/09/23 11:00:00,A:Annual,INX_A_AVG:Annual average index,CP00:All-items HICP,UMI,2016,100.57,d
ESTAT:TEC00027(1.0),19/09/23 11:00:00,A:Annual,INX_A_AVG:Annual average index,CP00:All-items HICP,UMI,2017,102.34,d
ESTAT:TEC00027(1.0),19/09/23 11:00:00,A:Annual,INX_A_AVG:Annual average index,CP00:All-items HICP,UMI,2018,104.55,d
ESTAT:TEC00027(1.0),19/09/23 11:00:00,A:Annual,INX_A_AVG:Annual average index,CP00:All-items HICP,UMI,2019,105.99,d
ESTAT:TEC00027(1.0),19/09/23 11:00:00,A:Annual,INX_A_AVG:Annual average index,CP00:All-items HICP,UMI,2020,106.80,d
ESTAT:TEC00027(1.0),19/09/23 11:00:00,A:Annual,INX_A_AVG:Annual average index,CP00:All-items HICP,UMI,2021,112.50,d
ESTAT:TEC00027(1.0),19/09/23 11:00:00,A:Annual,INX_A_AVG:Annual average index,CP00:All-items HICP,UMI,2022,122.27,d
ESTAT:TEC00027(1.0),19/09/23 11:00:00,A:Annual,INX_A_AVG:Annual average index,CP00:All-items HICP,XK,2016,100.27,d
ESTAT:TEC00027(1.0),19/09/23 11:00:00,A:Annual,INX_A_AVG:Annual average index,CP00:All-items HICP,XK,2017,101.77,d
ESTAT:TEC00027(1.0),19/09/23 11:00:00,A:Annual,INX_A_AVG:Annual average index,CP00:All-items HICP,XK,2018,102.84,d
ESTAT:TEC00027(1.0),19/09/23 11:00:00,A:Annual,INX_A_AVG:Annual average index,CP00:All-items HICP,XK,2019,105.59,d
ESTAT:TEC00027(1.0),19/09/23 11:00:00,A:Annual,INX_A_AVG:Annual average index,CP00:All-items HICP,XK,2020,105.80,d
ESTAT:TEC00027(1.0),19/09/23 11:00:00,A:Annual,INX_A_AVG:Annual average index,CP00:All-items HICP,XK,2021,109.35,d
ESTAT:TEC00027(1.0),19/09/23 11:00:00,A:Annual,INX_A_AVG:Annual average index,CP00:All-items HICP,XK,2022,122.01,d